, where, what, value
0, Driver, kernel_time, 0.000007707000
1, Driver, total_time, 0.000084172000
2, GPU[1].CommandProcessor, kernel_time, 0.000007118000
3, GPU[1].SA[0].CU[0], cu_inst_count, 1568.000000000000
4, GPU[1].SA[0].CU[0], cu_CPI, 4.915178571429
5, GPU[1].SA[0].CU[0], simd_inst_count, 995.000000000000
6, GPU[1].SA[0].CU[0], simd_CPI, 7.745728643216
7, GPU[1].SA[0].CU[1], cu_inst_count, 1568.000000000000
8, GPU[1].SA[0].CU[1], cu_CPI, 4.915178571429
9, GPU[1].SA[0].CU[1], simd_inst_count, 996.000000000000
10, GPU[1].SA[0].CU[1], simd_CPI, 7.737951807229
11, GPU[1].SA[0].CU[2], cu_inst_count, 1568.000000000000
12, GPU[1].SA[0].CU[2], cu_CPI, 4.915178571429
13, GPU[1].SA[0].CU[2], simd_inst_count, 996.000000000000
14, GPU[1].SA[0].CU[2], simd_CPI, 7.737951807229
15, GPU[1].SA[0].CU[3], cu_inst_count, 1568.000000000000
16, GPU[1].SA[0].CU[3], cu_CPI, 4.915178571429
17, GPU[1].SA[0].CU[3], simd_inst_count, 996.000000000000
18, GPU[1].SA[0].CU[3], simd_CPI, 7.737951807229
19, GPU[1].SA[1].CU[0], cu_inst_count, 1568.000000000000
20, GPU[1].SA[1].CU[0], cu_CPI, 4.915178571429
21, GPU[1].SA[1].CU[0], simd_inst_count, 996.000000000000
22, GPU[1].SA[1].CU[0], simd_CPI, 7.737951807229
23, GPU[1].SA[1].CU[1], cu_inst_count, 1568.000000000000
24, GPU[1].SA[1].CU[1], cu_CPI, 4.915178571429
25, GPU[1].SA[1].CU[1], simd_inst_count, 996.000000000000
26, GPU[1].SA[1].CU[1], simd_CPI, 7.737951807229
27, GPU[1].SA[1].CU[2], cu_inst_count, 1568.000000000000
28, GPU[1].SA[1].CU[2], cu_CPI, 4.915178571429
29, GPU[1].SA[1].CU[2], simd_inst_count, 996.000000000000
30, GPU[1].SA[1].CU[2], simd_CPI, 7.737951807229
31, GPU[1].SA[1].CU[3], cu_inst_count, 1568.000000000000
32, GPU[1].SA[1].CU[3], cu_CPI, 4.915178571429
33, GPU[1].SA[1].CU[3], simd_inst_count, 996.000000000000
34, GPU[1].SA[1].CU[3], simd_CPI, 7.737951807229
35, GPU[1].SA[2].CU[0], cu_inst_count, 1568.000000000000
36, GPU[1].SA[2].CU[0], cu_CPI, 4.915178571429
37, GPU[1].SA[2].CU[0], simd_inst_count, 996.000000000000
38, GPU[1].SA[2].CU[0], simd_CPI, 7.737951807229
39, GPU[1].SA[2].CU[1], cu_inst_count, 1568.000000000000
40, GPU[1].SA[2].CU[1], cu_CPI, 4.915178571429
41, GPU[1].SA[2].CU[1], simd_inst_count, 996.000000000000
42, GPU[1].SA[2].CU[1], simd_CPI, 7.737951807229
43, GPU[1].SA[2].CU[2], cu_inst_count, 1568.000000000000
44, GPU[1].SA[2].CU[2], cu_CPI, 4.915178571429
45, GPU[1].SA[2].CU[2], simd_inst_count, 996.000000000000
46, GPU[1].SA[2].CU[2], simd_CPI, 7.737951807229
47, GPU[1].SA[2].CU[3], cu_inst_count, 1568.000000000000
48, GPU[1].SA[2].CU[3], cu_CPI, 4.915178571429
49, GPU[1].SA[2].CU[3], simd_inst_count, 996.000000000000
50, GPU[1].SA[2].CU[3], simd_CPI, 7.737951807229
51, GPU[1].SA[3].CU[0], cu_inst_count, 1568.000000000000
52, GPU[1].SA[3].CU[0], cu_CPI, 4.915178571429
53, GPU[1].SA[3].CU[0], simd_inst_count, 996.000000000000
54, GPU[1].SA[3].CU[0], simd_CPI, 7.737951807229
55, GPU[1].SA[3].CU[1], cu_inst_count, 1568.000000000000
56, GPU[1].SA[3].CU[1], cu_CPI, 4.915178571429
57, GPU[1].SA[3].CU[1], simd_inst_count, 996.000000000000
58, GPU[1].SA[3].CU[1], simd_CPI, 7.737951807229
59, GPU[1].SA[3].CU[2], cu_inst_count, 1568.000000000000
60, GPU[1].SA[3].CU[2], cu_CPI, 4.915178571429
61, GPU[1].SA[3].CU[2], simd_inst_count, 996.000000000000
62, GPU[1].SA[3].CU[2], simd_CPI, 7.737951807229
63, GPU[1].SA[3].CU[3], cu_inst_count, 1568.000000000000
64, GPU[1].SA[3].CU[3], cu_CPI, 4.915178571429
65, GPU[1].SA[3].CU[3], simd_inst_count, 969.000000000000
66, GPU[1].SA[3].CU[3], simd_CPI, 7.953560371517
67, GPU[1].SA[4].CU[0], cu_inst_count, 0.000000000000
68, GPU[1].SA[4].CU[0], cu_CPI, +Inf
69, GPU[1].SA[4].CU[0], simd_inst_count, 0.000000000000
70, GPU[1].SA[4].CU[0], simd_CPI, +Inf
71, GPU[1].SA[4].CU[1], cu_inst_count, 0.000000000000
72, GPU[1].SA[4].CU[1], cu_CPI, +Inf
73, GPU[1].SA[4].CU[1], simd_inst_count, 0.000000000000
74, GPU[1].SA[4].CU[1], simd_CPI, +Inf
75, GPU[1].SA[4].CU[2], cu_inst_count, 0.000000000000
76, GPU[1].SA[4].CU[2], cu_CPI, +Inf
77, GPU[1].SA[4].CU[2], simd_inst_count, 0.000000000000
78, GPU[1].SA[4].CU[2], simd_CPI, +Inf
79, GPU[1].SA[4].CU[3], cu_inst_count, 0.000000000000
80, GPU[1].SA[4].CU[3], cu_CPI, +Inf
81, GPU[1].SA[4].CU[3], simd_inst_count, 0.000000000000
82, GPU[1].SA[4].CU[3], simd_CPI, +Inf
83, GPU[1].SA[5].CU[0], cu_inst_count, 0.000000000000
84, GPU[1].SA[5].CU[0], cu_CPI, +Inf
85, GPU[1].SA[5].CU[0], simd_inst_count, 0.000000000000
86, GPU[1].SA[5].CU[0], simd_CPI, +Inf
87, GPU[1].SA[5].CU[1], cu_inst_count, 0.000000000000
88, GPU[1].SA[5].CU[1], cu_CPI, +Inf
89, GPU[1].SA[5].CU[1], simd_inst_count, 0.000000000000
90, GPU[1].SA[5].CU[1], simd_CPI, +Inf
91, GPU[1].SA[5].CU[2], cu_inst_count, 0.000000000000
92, GPU[1].SA[5].CU[2], cu_CPI, +Inf
93, GPU[1].SA[5].CU[2], simd_inst_count, 0.000000000000
94, GPU[1].SA[5].CU[2], simd_CPI, +Inf
95, GPU[1].SA[5].CU[3], cu_inst_count, 0.000000000000
96, GPU[1].SA[5].CU[3], cu_CPI, +Inf
97, GPU[1].SA[5].CU[3], simd_inst_count, 0.000000000000
98, GPU[1].SA[5].CU[3], simd_CPI, +Inf
99, GPU[1].SA[6].CU[0], cu_inst_count, 0.000000000000
100, GPU[1].SA[6].CU[0], cu_CPI, +Inf
101, GPU[1].SA[6].CU[0], simd_inst_count, 0.000000000000
102, GPU[1].SA[6].CU[0], simd_CPI, +Inf
103, GPU[1].SA[6].CU[1], cu_inst_count, 0.000000000000
104, GPU[1].SA[6].CU[1], cu_CPI, +Inf
105, GPU[1].SA[6].CU[1], simd_inst_count, 0.000000000000
106, GPU[1].SA[6].CU[1], simd_CPI, +Inf
107, GPU[1].SA[6].CU[2], cu_inst_count, 0.000000000000
108, GPU[1].SA[6].CU[2], cu_CPI, +Inf
109, GPU[1].SA[6].CU[2], simd_inst_count, 0.000000000000
110, GPU[1].SA[6].CU[2], simd_CPI, +Inf
111, GPU[1].SA[6].CU[3], cu_inst_count, 0.000000000000
112, GPU[1].SA[6].CU[3], cu_CPI, +Inf
113, GPU[1].SA[6].CU[3], simd_inst_count, 0.000000000000
114, GPU[1].SA[6].CU[3], simd_CPI, +Inf
115, GPU[1].SA[7].CU[0], cu_inst_count, 0.000000000000
116, GPU[1].SA[7].CU[0], cu_CPI, +Inf
117, GPU[1].SA[7].CU[0], simd_inst_count, 0.000000000000
118, GPU[1].SA[7].CU[0], simd_CPI, +Inf
119, GPU[1].SA[7].CU[1], cu_inst_count, 0.000000000000
120, GPU[1].SA[7].CU[1], cu_CPI, +Inf
121, GPU[1].SA[7].CU[1], simd_inst_count, 0.000000000000
122, GPU[1].SA[7].CU[1], simd_CPI, +Inf
123, GPU[1].SA[7].CU[2], cu_inst_count, 0.000000000000
124, GPU[1].SA[7].CU[2], cu_CPI, +Inf
125, GPU[1].SA[7].CU[2], simd_inst_count, 0.000000000000
126, GPU[1].SA[7].CU[2], simd_CPI, +Inf
127, GPU[1].SA[7].CU[3], cu_inst_count, 0.000000000000
128, GPU[1].SA[7].CU[3], cu_CPI, +Inf
129, GPU[1].SA[7].CU[3], simd_inst_count, 0.000000000000
130, GPU[1].SA[7].CU[3], simd_CPI, +Inf
131, GPU[1].SA[8].CU[0], cu_inst_count, 0.000000000000
132, GPU[1].SA[8].CU[0], cu_CPI, +Inf
133, GPU[1].SA[8].CU[0], simd_inst_count, 0.000000000000
134, GPU[1].SA[8].CU[0], simd_CPI, +Inf
135, GPU[1].SA[8].CU[1], cu_inst_count, 0.000000000000
136, GPU[1].SA[8].CU[1], cu_CPI, +Inf
137, GPU[1].SA[8].CU[1], simd_inst_count, 0.000000000000
138, GPU[1].SA[8].CU[1], simd_CPI, +Inf
139, GPU[1].SA[8].CU[2], cu_inst_count, 0.000000000000
140, GPU[1].SA[8].CU[2], cu_CPI, +Inf
141, GPU[1].SA[8].CU[2], simd_inst_count, 0.000000000000
142, GPU[1].SA[8].CU[2], simd_CPI, +Inf
143, GPU[1].SA[8].CU[3], cu_inst_count, 0.000000000000
144, GPU[1].SA[8].CU[3], cu_CPI, +Inf
145, GPU[1].SA[8].CU[3], simd_inst_count, 0.000000000000
146, GPU[1].SA[8].CU[3], simd_CPI, +Inf
147, GPU[1].SA[9].CU[0], cu_inst_count, 0.000000000000
148, GPU[1].SA[9].CU[0], cu_CPI, +Inf
149, GPU[1].SA[9].CU[0], simd_inst_count, 0.000000000000
150, GPU[1].SA[9].CU[0], simd_CPI, +Inf
151, GPU[1].SA[9].CU[1], cu_inst_count, 0.000000000000
152, GPU[1].SA[9].CU[1], cu_CPI, +Inf
153, GPU[1].SA[9].CU[1], simd_inst_count, 0.000000000000
154, GPU[1].SA[9].CU[1], simd_CPI, +Inf
155, GPU[1].SA[9].CU[2], cu_inst_count, 0.000000000000
156, GPU[1].SA[9].CU[2], cu_CPI, +Inf
157, GPU[1].SA[9].CU[2], simd_inst_count, 0.000000000000
158, GPU[1].SA[9].CU[2], simd_CPI, +Inf
159, GPU[1].SA[9].CU[3], cu_inst_count, 0.000000000000
160, GPU[1].SA[9].CU[3], cu_CPI, +Inf
161, GPU[1].SA[9].CU[3], simd_inst_count, 0.000000000000
162, GPU[1].SA[9].CU[3], simd_CPI, +Inf
163, GPU[1].SA[10].CU[0], cu_inst_count, 0.000000000000
164, GPU[1].SA[10].CU[0], cu_CPI, +Inf
165, GPU[1].SA[10].CU[0], simd_inst_count, 0.000000000000
166, GPU[1].SA[10].CU[0], simd_CPI, +Inf
167, GPU[1].SA[10].CU[1], cu_inst_count, 0.000000000000
168, GPU[1].SA[10].CU[1], cu_CPI, +Inf
169, GPU[1].SA[10].CU[1], simd_inst_count, 0.000000000000
170, GPU[1].SA[10].CU[1], simd_CPI, +Inf
171, GPU[1].SA[10].CU[2], cu_inst_count, 0.000000000000
172, GPU[1].SA[10].CU[2], cu_CPI, +Inf
173, GPU[1].SA[10].CU[2], simd_inst_count, 0.000000000000
174, GPU[1].SA[10].CU[2], simd_CPI, +Inf
175, GPU[1].SA[10].CU[3], cu_inst_count, 0.000000000000
176, GPU[1].SA[10].CU[3], cu_CPI, +Inf
177, GPU[1].SA[10].CU[3], simd_inst_count, 0.000000000000
178, GPU[1].SA[10].CU[3], simd_CPI, +Inf
179, GPU[1].SA[11].CU[0], cu_inst_count, 0.000000000000
180, GPU[1].SA[11].CU[0], cu_CPI, +Inf
181, GPU[1].SA[11].CU[0], simd_inst_count, 0.000000000000
182, GPU[1].SA[11].CU[0], simd_CPI, +Inf
183, GPU[1].SA[11].CU[1], cu_inst_count, 0.000000000000
184, GPU[1].SA[11].CU[1], cu_CPI, +Inf
185, GPU[1].SA[11].CU[1], simd_inst_count, 0.000000000000
186, GPU[1].SA[11].CU[1], simd_CPI, +Inf
187, GPU[1].SA[11].CU[2], cu_inst_count, 0.000000000000
188, GPU[1].SA[11].CU[2], cu_CPI, +Inf
189, GPU[1].SA[11].CU[2], simd_inst_count, 0.000000000000
190, GPU[1].SA[11].CU[2], simd_CPI, +Inf
191, GPU[1].SA[11].CU[3], cu_inst_count, 0.000000000000
192, GPU[1].SA[11].CU[3], cu_CPI, +Inf
193, GPU[1].SA[11].CU[3], simd_inst_count, 0.000000000000
194, GPU[1].SA[11].CU[3], simd_CPI, +Inf
195, GPU[1].SA[12].CU[0], cu_inst_count, 0.000000000000
196, GPU[1].SA[12].CU[0], cu_CPI, +Inf
197, GPU[1].SA[12].CU[0], simd_inst_count, 0.000000000000
198, GPU[1].SA[12].CU[0], simd_CPI, +Inf
199, GPU[1].SA[12].CU[1], cu_inst_count, 0.000000000000
200, GPU[1].SA[12].CU[1], cu_CPI, +Inf
201, GPU[1].SA[12].CU[1], simd_inst_count, 0.000000000000
202, GPU[1].SA[12].CU[1], simd_CPI, +Inf
203, GPU[1].SA[12].CU[2], cu_inst_count, 0.000000000000
204, GPU[1].SA[12].CU[2], cu_CPI, +Inf
205, GPU[1].SA[12].CU[2], simd_inst_count, 0.000000000000
206, GPU[1].SA[12].CU[2], simd_CPI, +Inf
207, GPU[1].SA[12].CU[3], cu_inst_count, 0.000000000000
208, GPU[1].SA[12].CU[3], cu_CPI, +Inf
209, GPU[1].SA[12].CU[3], simd_inst_count, 0.000000000000
210, GPU[1].SA[12].CU[3], simd_CPI, +Inf
211, GPU[1].SA[13].CU[0], cu_inst_count, 0.000000000000
212, GPU[1].SA[13].CU[0], cu_CPI, +Inf
213, GPU[1].SA[13].CU[0], simd_inst_count, 0.000000000000
214, GPU[1].SA[13].CU[0], simd_CPI, +Inf
215, GPU[1].SA[13].CU[1], cu_inst_count, 0.000000000000
216, GPU[1].SA[13].CU[1], cu_CPI, +Inf
217, GPU[1].SA[13].CU[1], simd_inst_count, 0.000000000000
218, GPU[1].SA[13].CU[1], simd_CPI, +Inf
219, GPU[1].SA[13].CU[2], cu_inst_count, 0.000000000000
220, GPU[1].SA[13].CU[2], cu_CPI, +Inf
221, GPU[1].SA[13].CU[2], simd_inst_count, 0.000000000000
222, GPU[1].SA[13].CU[2], simd_CPI, +Inf
223, GPU[1].SA[13].CU[3], cu_inst_count, 0.000000000000
224, GPU[1].SA[13].CU[3], cu_CPI, +Inf
225, GPU[1].SA[13].CU[3], simd_inst_count, 0.000000000000
226, GPU[1].SA[13].CU[3], simd_CPI, +Inf
227, GPU[1].SA[14].CU[0], cu_inst_count, 0.000000000000
228, GPU[1].SA[14].CU[0], cu_CPI, +Inf
229, GPU[1].SA[14].CU[0], simd_inst_count, 0.000000000000
230, GPU[1].SA[14].CU[0], simd_CPI, +Inf
231, GPU[1].SA[14].CU[1], cu_inst_count, 0.000000000000
232, GPU[1].SA[14].CU[1], cu_CPI, +Inf
233, GPU[1].SA[14].CU[1], simd_inst_count, 0.000000000000
234, GPU[1].SA[14].CU[1], simd_CPI, +Inf
235, GPU[1].SA[14].CU[2], cu_inst_count, 0.000000000000
236, GPU[1].SA[14].CU[2], cu_CPI, +Inf
237, GPU[1].SA[14].CU[2], simd_inst_count, 0.000000000000
238, GPU[1].SA[14].CU[2], simd_CPI, +Inf
239, GPU[1].SA[14].CU[3], cu_inst_count, 0.000000000000
240, GPU[1].SA[14].CU[3], cu_CPI, +Inf
241, GPU[1].SA[14].CU[3], simd_inst_count, 0.000000000000
242, GPU[1].SA[14].CU[3], simd_CPI, +Inf
243, GPU[1].SA[15].CU[0], cu_inst_count, 0.000000000000
244, GPU[1].SA[15].CU[0], cu_CPI, +Inf
245, GPU[1].SA[15].CU[0], simd_inst_count, 0.000000000000
246, GPU[1].SA[15].CU[0], simd_CPI, +Inf
247, GPU[1].SA[15].CU[1], cu_inst_count, 0.000000000000
248, GPU[1].SA[15].CU[1], cu_CPI, +Inf
249, GPU[1].SA[15].CU[1], simd_inst_count, 0.000000000000
250, GPU[1].SA[15].CU[1], simd_CPI, +Inf
251, GPU[1].SA[15].CU[2], cu_inst_count, 0.000000000000
252, GPU[1].SA[15].CU[2], cu_CPI, +Inf
253, GPU[1].SA[15].CU[2], simd_inst_count, 0.000000000000
254, GPU[1].SA[15].CU[2], simd_CPI, +Inf
255, GPU[1].SA[15].CU[3], cu_inst_count, 0.000000000000
256, GPU[1].SA[15].CU[3], cu_CPI, +Inf
257, GPU[1].SA[15].CU[3], simd_inst_count, 0.000000000000
258, GPU[1].SA[15].CU[3], simd_CPI, +Inf
259, GPU[1].SA[0].CU[0], CPIStack.Branch, 0.043367346939
260, GPU[1].SA[0].CU[0], CPIStack.Fetch, 0.491071428571
261, GPU[1].SA[0].CU[0], CPIStack.Idle, 0.000637755102
262, GPU[1].SA[0].CU[0], CPIStack.ScalarInst, 0.227678571429
263, GPU[1].SA[0].CU[0], CPIStack.ScalarMem, 0.991709183673
264, GPU[1].SA[0].CU[0], CPIStack.ScalarMemInst, 0.003826530612
265, GPU[1].SA[0].CU[0], CPIStack.Special, 0.000000000000
266, GPU[1].SA[0].CU[0], CPIStack.VALU, 1.589923469388
267, GPU[1].SA[0].CU[0], CPIStack.VMem, 1.112244897959
268, GPU[1].SA[0].CU[0], CPIStack.VMemInst, 0.075892857143
269, GPU[1].SA[0].CU[0], CPIStack.total, 4.726403061224
270, GPU[1].SA[0].CU[0], SIMDCPIStack.Branch, 0.067729083665
271, GPU[1].SA[0].CU[0], SIMDCPIStack.Fetch, 0.766932270916
272, GPU[1].SA[0].CU[0], SIMDCPIStack.Idle, 0.000996015936
273, GPU[1].SA[0].CU[0], SIMDCPIStack.ScalarInst, 0.355577689243
274, GPU[1].SA[0].CU[0], SIMDCPIStack.ScalarMem, 1.548804780877
275, GPU[1].SA[0].CU[0], SIMDCPIStack.ScalarMemInst, 0.005976095618
276, GPU[1].SA[0].CU[0], SIMDCPIStack.Special, 0.000000000000
277, GPU[1].SA[0].CU[0], SIMDCPIStack.VALU, 2.483067729084
278, GPU[1].SA[0].CU[0], SIMDCPIStack.VMem, 1.737051792829
279, GPU[1].SA[0].CU[0], SIMDCPIStack.VMemInst, 0.118525896414
280, GPU[1].SA[0].CU[0], SIMDCPIStack.total, 7.381474103586
281, GPU[1].SA[0].CU[1], CPIStack.Branch, 0.044642857143
282, GPU[1].SA[0].CU[1], CPIStack.Fetch, 0.488520408163
283, GPU[1].SA[0].CU[1], CPIStack.Idle, 0.000637755102
284, GPU[1].SA[0].CU[1], CPIStack.ScalarInst, 0.220663265306
285, GPU[1].SA[0].CU[1], CPIStack.ScalarMem, 0.991071428571
286, GPU[1].SA[0].CU[1], CPIStack.ScalarMemInst, 0.003826530612
287, GPU[1].SA[0].CU[1], CPIStack.Special, 0.000000000000
288, GPU[1].SA[0].CU[1], CPIStack.VALU, 1.631377551020
289, GPU[1].SA[0].CU[1], CPIStack.VMem, 1.073341836735
290, GPU[1].SA[0].CU[1], CPIStack.VMemInst, 0.033163265306
291, GPU[1].SA[0].CU[1], CPIStack.total, 4.723214285714
292, GPU[1].SA[0].CU[1], SIMDCPIStack.Branch, 0.069721115538
293, GPU[1].SA[0].CU[1], SIMDCPIStack.Fetch, 0.762948207171
294, GPU[1].SA[0].CU[1], SIMDCPIStack.Idle, 0.000996015936
295, GPU[1].SA[0].CU[1], SIMDCPIStack.ScalarInst, 0.344621513944
296, GPU[1].SA[0].CU[1], SIMDCPIStack.ScalarMem, 1.547808764940
297, GPU[1].SA[0].CU[1], SIMDCPIStack.ScalarMemInst, 0.005976095618
298, GPU[1].SA[0].CU[1], SIMDCPIStack.Special, 0.000000000000
299, GPU[1].SA[0].CU[1], SIMDCPIStack.VALU, 2.547808764940
300, GPU[1].SA[0].CU[1], SIMDCPIStack.VMem, 1.676294820717
301, GPU[1].SA[0].CU[1], SIMDCPIStack.VMemInst, 0.051792828685
302, GPU[1].SA[0].CU[1], SIMDCPIStack.total, 7.376494023904
303, GPU[1].SA[0].CU[2], CPIStack.Branch, 0.044642857143
304, GPU[1].SA[0].CU[2], CPIStack.Fetch, 0.485969387755
305, GPU[1].SA[0].CU[2], CPIStack.Idle, 0.000637755102
306, GPU[1].SA[0].CU[2], CPIStack.ScalarInst, 0.220663265306
307, GPU[1].SA[0].CU[2], CPIStack.ScalarMem, 0.990433673469
308, GPU[1].SA[0].CU[2], CPIStack.ScalarMemInst, 0.003826530612
309, GPU[1].SA[0].CU[2], CPIStack.Special, 0.000000000000
310, GPU[1].SA[0].CU[2], CPIStack.VALU, 1.631377551020
311, GPU[1].SA[0].CU[2], CPIStack.VMem, 1.073341836735
312, GPU[1].SA[0].CU[2], CPIStack.VMemInst, 0.033163265306
313, GPU[1].SA[0].CU[2], CPIStack.total, 4.720025510204
314, GPU[1].SA[0].CU[2], SIMDCPIStack.Branch, 0.069721115538
315, GPU[1].SA[0].CU[2], SIMDCPIStack.Fetch, 0.758964143426
316, GPU[1].SA[0].CU[2], SIMDCPIStack.Idle, 0.000996015936
317, GPU[1].SA[0].CU[2], SIMDCPIStack.ScalarInst, 0.344621513944
318, GPU[1].SA[0].CU[2], SIMDCPIStack.ScalarMem, 1.546812749004
319, GPU[1].SA[0].CU[2], SIMDCPIStack.ScalarMemInst, 0.005976095618
320, GPU[1].SA[0].CU[2], SIMDCPIStack.Special, 0.000000000000
321, GPU[1].SA[0].CU[2], SIMDCPIStack.VALU, 2.547808764940
322, GPU[1].SA[0].CU[2], SIMDCPIStack.VMem, 1.676294820717
323, GPU[1].SA[0].CU[2], SIMDCPIStack.VMemInst, 0.051792828685
324, GPU[1].SA[0].CU[2], SIMDCPIStack.total, 7.371513944223
325, GPU[1].SA[0].CU[3], CPIStack.Branch, 0.044642857143
326, GPU[1].SA[0].CU[3], CPIStack.Fetch, 0.483418367347
327, GPU[1].SA[0].CU[3], CPIStack.Idle, 0.000637755102
328, GPU[1].SA[0].CU[3], CPIStack.ScalarInst, 0.220663265306
329, GPU[1].SA[0].CU[3], CPIStack.ScalarMem, 0.989795918367
330, GPU[1].SA[0].CU[3], CPIStack.ScalarMemInst, 0.003826530612
331, GPU[1].SA[0].CU[3], CPIStack.Special, 0.000000000000
332, GPU[1].SA[0].CU[3], CPIStack.VALU, 1.631377551020
333, GPU[1].SA[0].CU[3], CPIStack.VMem, 1.073341836735
334, GPU[1].SA[0].CU[3], CPIStack.VMemInst, 0.033163265306
335, GPU[1].SA[0].CU[3], CPIStack.total, 4.716836734694
336, GPU[1].SA[0].CU[3], SIMDCPIStack.Branch, 0.069721115538
337, GPU[1].SA[0].CU[3], SIMDCPIStack.Fetch, 0.754980079681
338, GPU[1].SA[0].CU[3], SIMDCPIStack.Idle, 0.000996015936
339, GPU[1].SA[0].CU[3], SIMDCPIStack.ScalarInst, 0.344621513944
340, GPU[1].SA[0].CU[3], SIMDCPIStack.ScalarMem, 1.545816733068
341, GPU[1].SA[0].CU[3], SIMDCPIStack.ScalarMemInst, 0.005976095618
342, GPU[1].SA[0].CU[3], SIMDCPIStack.Special, 0.000000000000
343, GPU[1].SA[0].CU[3], SIMDCPIStack.VALU, 2.547808764940
344, GPU[1].SA[0].CU[3], SIMDCPIStack.VMem, 1.676294820717
345, GPU[1].SA[0].CU[3], SIMDCPIStack.VMemInst, 0.051792828685
346, GPU[1].SA[0].CU[3], SIMDCPIStack.total, 7.366533864542
347, GPU[1].SA[1].CU[0], CPIStack.Branch, 0.044642857143
348, GPU[1].SA[1].CU[0], CPIStack.Fetch, 0.478316326531
349, GPU[1].SA[1].CU[0], CPIStack.Idle, 0.000637755102
350, GPU[1].SA[1].CU[0], CPIStack.ScalarInst, 0.220663265306
351, GPU[1].SA[1].CU[0], CPIStack.ScalarMem, 0.991709183673
352, GPU[1].SA[1].CU[0], CPIStack.ScalarMemInst, 0.003826530612
353, GPU[1].SA[1].CU[0], CPIStack.Special, 0.000000000000
354, GPU[1].SA[1].CU[0], CPIStack.VALU, 1.631377551020
355, GPU[1].SA[1].CU[0], CPIStack.VMem, 1.078443877551
356, GPU[1].SA[1].CU[0], CPIStack.VMemInst, 0.033163265306
357, GPU[1].SA[1].CU[0], CPIStack.total, 4.713647959184
358, GPU[1].SA[1].CU[0], SIMDCPIStack.Branch, 0.069721115538
359, GPU[1].SA[1].CU[0], SIMDCPIStack.Fetch, 0.747011952191
360, GPU[1].SA[1].CU[0], SIMDCPIStack.Idle, 0.000996015936
361, GPU[1].SA[1].CU[0], SIMDCPIStack.ScalarInst, 0.344621513944
362, GPU[1].SA[1].CU[0], SIMDCPIStack.ScalarMem, 1.548804780877
363, GPU[1].SA[1].CU[0], SIMDCPIStack.ScalarMemInst, 0.005976095618
364, GPU[1].SA[1].CU[0], SIMDCPIStack.Special, 0.000000000000
365, GPU[1].SA[1].CU[0], SIMDCPIStack.VALU, 2.547808764940
366, GPU[1].SA[1].CU[0], SIMDCPIStack.VMem, 1.684262948207
367, GPU[1].SA[1].CU[0], SIMDCPIStack.VMemInst, 0.051792828685
368, GPU[1].SA[1].CU[0], SIMDCPIStack.total, 7.361553784861
369, GPU[1].SA[1].CU[1], CPIStack.Branch, 0.044642857143
370, GPU[1].SA[1].CU[1], CPIStack.Fetch, 0.475765306122
371, GPU[1].SA[1].CU[1], CPIStack.Idle, 0.000637755102
372, GPU[1].SA[1].CU[1], CPIStack.ScalarInst, 0.220663265306
373, GPU[1].SA[1].CU[1], CPIStack.ScalarMem, 0.991071428571
374, GPU[1].SA[1].CU[1], CPIStack.ScalarMemInst, 0.003826530612
375, GPU[1].SA[1].CU[1], CPIStack.Special, 0.000000000000
376, GPU[1].SA[1].CU[1], CPIStack.VALU, 1.631377551020
377, GPU[1].SA[1].CU[1], CPIStack.VMem, 1.078443877551
378, GPU[1].SA[1].CU[1], CPIStack.VMemInst, 0.033163265306
379, GPU[1].SA[1].CU[1], CPIStack.total, 4.710459183673
380, GPU[1].SA[1].CU[1], SIMDCPIStack.Branch, 0.069721115538
381, GPU[1].SA[1].CU[1], SIMDCPIStack.Fetch, 0.743027888446
382, GPU[1].SA[1].CU[1], SIMDCPIStack.Idle, 0.000996015936
383, GPU[1].SA[1].CU[1], SIMDCPIStack.ScalarInst, 0.344621513944
384, GPU[1].SA[1].CU[1], SIMDCPIStack.ScalarMem, 1.547808764940
385, GPU[1].SA[1].CU[1], SIMDCPIStack.ScalarMemInst, 0.005976095618
386, GPU[1].SA[1].CU[1], SIMDCPIStack.Special, 0.000000000000
387, GPU[1].SA[1].CU[1], SIMDCPIStack.VALU, 2.547808764940
388, GPU[1].SA[1].CU[1], SIMDCPIStack.VMem, 1.684262948207
389, GPU[1].SA[1].CU[1], SIMDCPIStack.VMemInst, 0.051792828685
390, GPU[1].SA[1].CU[1], SIMDCPIStack.total, 7.356573705179
391, GPU[1].SA[1].CU[2], CPIStack.Branch, 0.044642857143
392, GPU[1].SA[1].CU[2], CPIStack.Fetch, 0.473214285714
393, GPU[1].SA[1].CU[2], CPIStack.Idle, 0.000637755102
394, GPU[1].SA[1].CU[2], CPIStack.ScalarInst, 0.220663265306
395, GPU[1].SA[1].CU[2], CPIStack.ScalarMem, 0.990433673469
396, GPU[1].SA[1].CU[2], CPIStack.ScalarMemInst, 0.003826530612
397, GPU[1].SA[1].CU[2], CPIStack.Special, 0.000000000000
398, GPU[1].SA[1].CU[2], CPIStack.VALU, 1.631377551020
399, GPU[1].SA[1].CU[2], CPIStack.VMem, 1.078443877551
400, GPU[1].SA[1].CU[2], CPIStack.VMemInst, 0.033163265306
401, GPU[1].SA[1].CU[2], CPIStack.total, 4.707270408163
402, GPU[1].SA[1].CU[2], SIMDCPIStack.Branch, 0.069721115538
403, GPU[1].SA[1].CU[2], SIMDCPIStack.Fetch, 0.739043824701
404, GPU[1].SA[1].CU[2], SIMDCPIStack.Idle, 0.000996015936
405, GPU[1].SA[1].CU[2], SIMDCPIStack.ScalarInst, 0.344621513944
406, GPU[1].SA[1].CU[2], SIMDCPIStack.ScalarMem, 1.546812749004
407, GPU[1].SA[1].CU[2], SIMDCPIStack.ScalarMemInst, 0.005976095618
408, GPU[1].SA[1].CU[2], SIMDCPIStack.Special, 0.000000000000
409, GPU[1].SA[1].CU[2], SIMDCPIStack.VALU, 2.547808764940
410, GPU[1].SA[1].CU[2], SIMDCPIStack.VMem, 1.684262948207
411, GPU[1].SA[1].CU[2], SIMDCPIStack.VMemInst, 0.051792828685
412, GPU[1].SA[1].CU[2], SIMDCPIStack.total, 7.351593625498
413, GPU[1].SA[1].CU[3], CPIStack.Branch, 0.044642857143
414, GPU[1].SA[1].CU[3], CPIStack.Fetch, 0.470663265306
415, GPU[1].SA[1].CU[3], CPIStack.Idle, 0.000637755102
416, GPU[1].SA[1].CU[3], CPIStack.ScalarInst, 0.220663265306
417, GPU[1].SA[1].CU[3], CPIStack.ScalarMem, 0.989795918367
418, GPU[1].SA[1].CU[3], CPIStack.ScalarMemInst, 0.003826530612
419, GPU[1].SA[1].CU[3], CPIStack.Special, 0.000000000000
420, GPU[1].SA[1].CU[3], CPIStack.VALU, 1.631377551020
421, GPU[1].SA[1].CU[3], CPIStack.VMem, 1.078443877551
422, GPU[1].SA[1].CU[3], CPIStack.VMemInst, 0.033163265306
423, GPU[1].SA[1].CU[3], CPIStack.total, 4.704081632653
424, GPU[1].SA[1].CU[3], SIMDCPIStack.Branch, 0.069721115538
425, GPU[1].SA[1].CU[3], SIMDCPIStack.Fetch, 0.735059760956
426, GPU[1].SA[1].CU[3], SIMDCPIStack.Idle, 0.000996015936
427, GPU[1].SA[1].CU[3], SIMDCPIStack.ScalarInst, 0.344621513944
428, GPU[1].SA[1].CU[3], SIMDCPIStack.ScalarMem, 1.545816733068
429, GPU[1].SA[1].CU[3], SIMDCPIStack.ScalarMemInst, 0.005976095618
430, GPU[1].SA[1].CU[3], SIMDCPIStack.Special, 0.000000000000
431, GPU[1].SA[1].CU[3], SIMDCPIStack.VALU, 2.547808764940
432, GPU[1].SA[1].CU[3], SIMDCPIStack.VMem, 1.684262948207
433, GPU[1].SA[1].CU[3], SIMDCPIStack.VMemInst, 0.051792828685
434, GPU[1].SA[1].CU[3], SIMDCPIStack.total, 7.346613545817
435, GPU[1].SA[2].CU[0], CPIStack.Branch, 0.044642857143
436, GPU[1].SA[2].CU[0], CPIStack.Fetch, 0.465561224490
437, GPU[1].SA[2].CU[0], CPIStack.Idle, 0.000637755102
438, GPU[1].SA[2].CU[0], CPIStack.ScalarInst, 0.220663265306
439, GPU[1].SA[2].CU[0], CPIStack.ScalarMem, 0.991709183673
440, GPU[1].SA[2].CU[0], CPIStack.ScalarMemInst, 0.003826530612
441, GPU[1].SA[2].CU[0], CPIStack.Special, 0.000000000000
442, GPU[1].SA[2].CU[0], CPIStack.VALU, 1.631377551020
443, GPU[1].SA[2].CU[0], CPIStack.VMem, 1.083545918367
444, GPU[1].SA[2].CU[0], CPIStack.VMemInst, 0.033163265306
445, GPU[1].SA[2].CU[0], CPIStack.total, 4.700892857143
446, GPU[1].SA[2].CU[0], SIMDCPIStack.Branch, 0.069721115538
447, GPU[1].SA[2].CU[0], SIMDCPIStack.Fetch, 0.727091633466
448, GPU[1].SA[2].CU[0], SIMDCPIStack.Idle, 0.000996015936
449, GPU[1].SA[2].CU[0], SIMDCPIStack.ScalarInst, 0.344621513944
450, GPU[1].SA[2].CU[0], SIMDCPIStack.ScalarMem, 1.548804780877
451, GPU[1].SA[2].CU[0], SIMDCPIStack.ScalarMemInst, 0.005976095618
452, GPU[1].SA[2].CU[0], SIMDCPIStack.Special, 0.000000000000
453, GPU[1].SA[2].CU[0], SIMDCPIStack.VALU, 2.547808764940
454, GPU[1].SA[2].CU[0], SIMDCPIStack.VMem, 1.692231075697
455, GPU[1].SA[2].CU[0], SIMDCPIStack.VMemInst, 0.051792828685
456, GPU[1].SA[2].CU[0], SIMDCPIStack.total, 7.341633466135
457, GPU[1].SA[2].CU[1], CPIStack.Branch, 0.044642857143
458, GPU[1].SA[2].CU[1], CPIStack.Fetch, 0.463010204082
459, GPU[1].SA[2].CU[1], CPIStack.Idle, 0.000637755102
460, GPU[1].SA[2].CU[1], CPIStack.ScalarInst, 0.220663265306
461, GPU[1].SA[2].CU[1], CPIStack.ScalarMem, 0.991071428571
462, GPU[1].SA[2].CU[1], CPIStack.ScalarMemInst, 0.003826530612
463, GPU[1].SA[2].CU[1], CPIStack.Special, 0.000000000000
464, GPU[1].SA[2].CU[1], CPIStack.VALU, 1.631377551020
465, GPU[1].SA[2].CU[1], CPIStack.VMem, 1.083545918367
466, GPU[1].SA[2].CU[1], CPIStack.VMemInst, 0.033163265306
467, GPU[1].SA[2].CU[1], CPIStack.total, 4.697704081633
468, GPU[1].SA[2].CU[1], SIMDCPIStack.Branch, 0.069721115538
469, GPU[1].SA[2].CU[1], SIMDCPIStack.Fetch, 0.723107569721
470, GPU[1].SA[2].CU[1], SIMDCPIStack.Idle, 0.000996015936
471, GPU[1].SA[2].CU[1], SIMDCPIStack.ScalarInst, 0.344621513944
472, GPU[1].SA[2].CU[1], SIMDCPIStack.ScalarMem, 1.547808764940
473, GPU[1].SA[2].CU[1], SIMDCPIStack.ScalarMemInst, 0.005976095618
474, GPU[1].SA[2].CU[1], SIMDCPIStack.Special, 0.000000000000
475, GPU[1].SA[2].CU[1], SIMDCPIStack.VALU, 2.547808764940
476, GPU[1].SA[2].CU[1], SIMDCPIStack.VMem, 1.692231075697
477, GPU[1].SA[2].CU[1], SIMDCPIStack.VMemInst, 0.051792828685
478, GPU[1].SA[2].CU[1], SIMDCPIStack.total, 7.336653386454
479, GPU[1].SA[2].CU[2], CPIStack.Branch, 0.044642857143
480, GPU[1].SA[2].CU[2], CPIStack.Fetch, 0.460459183673
481, GPU[1].SA[2].CU[2], CPIStack.Idle, 0.000637755102
482, GPU[1].SA[2].CU[2], CPIStack.ScalarInst, 0.220663265306
483, GPU[1].SA[2].CU[2], CPIStack.ScalarMem, 0.990433673469
484, GPU[1].SA[2].CU[2], CPIStack.ScalarMemInst, 0.003826530612
485, GPU[1].SA[2].CU[2], CPIStack.Special, 0.000000000000
486, GPU[1].SA[2].CU[2], CPIStack.VALU, 1.631377551020
487, GPU[1].SA[2].CU[2], CPIStack.VMem, 1.083545918367
488, GPU[1].SA[2].CU[2], CPIStack.VMemInst, 0.033163265306
489, GPU[1].SA[2].CU[2], CPIStack.total, 4.694515306122
490, GPU[1].SA[2].CU[2], SIMDCPIStack.Branch, 0.069721115538
491, GPU[1].SA[2].CU[2], SIMDCPIStack.Fetch, 0.719123505976
492, GPU[1].SA[2].CU[2], SIMDCPIStack.Idle, 0.000996015936
493, GPU[1].SA[2].CU[2], SIMDCPIStack.ScalarInst, 0.344621513944
494, GPU[1].SA[2].CU[2], SIMDCPIStack.ScalarMem, 1.546812749004
495, GPU[1].SA[2].CU[2], SIMDCPIStack.ScalarMemInst, 0.005976095618
496, GPU[1].SA[2].CU[2], SIMDCPIStack.Special, 0.000000000000
497, GPU[1].SA[2].CU[2], SIMDCPIStack.VALU, 2.547808764940
498, GPU[1].SA[2].CU[2], SIMDCPIStack.VMem, 1.692231075697
499, GPU[1].SA[2].CU[2], SIMDCPIStack.VMemInst, 0.051792828685
500, GPU[1].SA[2].CU[2], SIMDCPIStack.total, 7.331673306773
501, GPU[1].SA[2].CU[3], CPIStack.Branch, 0.044642857143
502, GPU[1].SA[2].CU[3], CPIStack.Fetch, 0.457908163265
503, GPU[1].SA[2].CU[3], CPIStack.Idle, 0.000637755102
504, GPU[1].SA[2].CU[3], CPIStack.ScalarInst, 0.220663265306
505, GPU[1].SA[2].CU[3], CPIStack.ScalarMem, 0.989795918367
506, GPU[1].SA[2].CU[3], CPIStack.ScalarMemInst, 0.003826530612
507, GPU[1].SA[2].CU[3], CPIStack.Special, 0.000000000000
508, GPU[1].SA[2].CU[3], CPIStack.VALU, 1.631377551020
509, GPU[1].SA[2].CU[3], CPIStack.VMem, 1.083545918367
510, GPU[1].SA[2].CU[3], CPIStack.VMemInst, 0.033163265306
511, GPU[1].SA[2].CU[3], CPIStack.total, 4.691326530612
512, GPU[1].SA[2].CU[3], SIMDCPIStack.Branch, 0.069721115538
513, GPU[1].SA[2].CU[3], SIMDCPIStack.Fetch, 0.715139442231
514, GPU[1].SA[2].CU[3], SIMDCPIStack.Idle, 0.000996015936
515, GPU[1].SA[2].CU[3], SIMDCPIStack.ScalarInst, 0.344621513944
516, GPU[1].SA[2].CU[3], SIMDCPIStack.ScalarMem, 1.545816733068
517, GPU[1].SA[2].CU[3], SIMDCPIStack.ScalarMemInst, 0.005976095618
518, GPU[1].SA[2].CU[3], SIMDCPIStack.Special, 0.000000000000
519, GPU[1].SA[2].CU[3], SIMDCPIStack.VALU, 2.547808764940
520, GPU[1].SA[2].CU[3], SIMDCPIStack.VMem, 1.692231075697
521, GPU[1].SA[2].CU[3], SIMDCPIStack.VMemInst, 0.051792828685
522, GPU[1].SA[2].CU[3], SIMDCPIStack.total, 7.326693227092
523, GPU[1].SA[3].CU[0], CPIStack.Branch, 0.044642857143
524, GPU[1].SA[3].CU[0], CPIStack.Fetch, 0.452806122449
525, GPU[1].SA[3].CU[0], CPIStack.Idle, 0.000637755102
526, GPU[1].SA[3].CU[0], CPIStack.ScalarInst, 0.220663265306
527, GPU[1].SA[3].CU[0], CPIStack.ScalarMem, 0.991709183673
528, GPU[1].SA[3].CU[0], CPIStack.ScalarMemInst, 0.003826530612
529, GPU[1].SA[3].CU[0], CPIStack.Special, 0.000000000000
530, GPU[1].SA[3].CU[0], CPIStack.VALU, 1.631377551020
531, GPU[1].SA[3].CU[0], CPIStack.VMem, 1.093750000000
532, GPU[1].SA[3].CU[0], CPIStack.VMemInst, 0.033163265306
533, GPU[1].SA[3].CU[0], CPIStack.total, 4.688137755102
534, GPU[1].SA[3].CU[0], SIMDCPIStack.Branch, 0.069721115538
535, GPU[1].SA[3].CU[0], SIMDCPIStack.Fetch, 0.707171314741
536, GPU[1].SA[3].CU[0], SIMDCPIStack.Idle, 0.000996015936
537, GPU[1].SA[3].CU[0], SIMDCPIStack.ScalarInst, 0.344621513944
538, GPU[1].SA[3].CU[0], SIMDCPIStack.ScalarMem, 1.548804780877
539, GPU[1].SA[3].CU[0], SIMDCPIStack.ScalarMemInst, 0.005976095618
540, GPU[1].SA[3].CU[0], SIMDCPIStack.Special, 0.000000000000
541, GPU[1].SA[3].CU[0], SIMDCPIStack.VALU, 2.547808764940
542, GPU[1].SA[3].CU[0], SIMDCPIStack.VMem, 1.708167330677
543, GPU[1].SA[3].CU[0], SIMDCPIStack.VMemInst, 0.051792828685
544, GPU[1].SA[3].CU[0], SIMDCPIStack.total, 7.321713147410
545, GPU[1].SA[3].CU[1], CPIStack.Branch, 0.044642857143
546, GPU[1].SA[3].CU[1], CPIStack.Fetch, 0.450255102041
547, GPU[1].SA[3].CU[1], CPIStack.Idle, 0.000637755102
548, GPU[1].SA[3].CU[1], CPIStack.ScalarInst, 0.220663265306
549, GPU[1].SA[3].CU[1], CPIStack.ScalarMem, 0.991071428571
550, GPU[1].SA[3].CU[1], CPIStack.ScalarMemInst, 0.003826530612
551, GPU[1].SA[3].CU[1], CPIStack.Special, 0.000000000000
552, GPU[1].SA[3].CU[1], CPIStack.VALU, 1.631377551020
553, GPU[1].SA[3].CU[1], CPIStack.VMem, 1.093750000000
554, GPU[1].SA[3].CU[1], CPIStack.VMemInst, 0.033163265306
555, GPU[1].SA[3].CU[1], CPIStack.total, 4.684948979592
556, GPU[1].SA[3].CU[1], SIMDCPIStack.Branch, 0.069721115538
557, GPU[1].SA[3].CU[1], SIMDCPIStack.Fetch, 0.703187250996
558, GPU[1].SA[3].CU[1], SIMDCPIStack.Idle, 0.000996015936
559, GPU[1].SA[3].CU[1], SIMDCPIStack.ScalarInst, 0.344621513944
560, GPU[1].SA[3].CU[1], SIMDCPIStack.ScalarMem, 1.547808764940
561, GPU[1].SA[3].CU[1], SIMDCPIStack.ScalarMemInst, 0.005976095618
562, GPU[1].SA[3].CU[1], SIMDCPIStack.Special, 0.000000000000
563, GPU[1].SA[3].CU[1], SIMDCPIStack.VALU, 2.547808764940
564, GPU[1].SA[3].CU[1], SIMDCPIStack.VMem, 1.708167330677
565, GPU[1].SA[3].CU[1], SIMDCPIStack.VMemInst, 0.051792828685
566, GPU[1].SA[3].CU[1], SIMDCPIStack.total, 7.316733067729
567, GPU[1].SA[3].CU[2], CPIStack.Branch, 0.044642857143
568, GPU[1].SA[3].CU[2], CPIStack.Fetch, 0.447704081633
569, GPU[1].SA[3].CU[2], CPIStack.Idle, 0.000637755102
570, GPU[1].SA[3].CU[2], CPIStack.ScalarInst, 0.220663265306
571, GPU[1].SA[3].CU[2], CPIStack.ScalarMem, 0.990433673469
572, GPU[1].SA[3].CU[2], CPIStack.ScalarMemInst, 0.003826530612
573, GPU[1].SA[3].CU[2], CPIStack.Special, 0.000000000000
574, GPU[1].SA[3].CU[2], CPIStack.VALU, 1.631377551020
575, GPU[1].SA[3].CU[2], CPIStack.VMem, 1.093750000000
576, GPU[1].SA[3].CU[2], CPIStack.VMemInst, 0.033163265306
577, GPU[1].SA[3].CU[2], CPIStack.total, 4.681760204082
578, GPU[1].SA[3].CU[2], SIMDCPIStack.Branch, 0.069721115538
579, GPU[1].SA[3].CU[2], SIMDCPIStack.Fetch, 0.699203187251
580, GPU[1].SA[3].CU[2], SIMDCPIStack.Idle, 0.000996015936
581, GPU[1].SA[3].CU[2], SIMDCPIStack.ScalarInst, 0.344621513944
582, GPU[1].SA[3].CU[2], SIMDCPIStack.ScalarMem, 1.546812749004
583, GPU[1].SA[3].CU[2], SIMDCPIStack.ScalarMemInst, 0.005976095618
584, GPU[1].SA[3].CU[2], SIMDCPIStack.Special, 0.000000000000
585, GPU[1].SA[3].CU[2], SIMDCPIStack.VALU, 2.547808764940
586, GPU[1].SA[3].CU[2], SIMDCPIStack.VMem, 1.708167330677
587, GPU[1].SA[3].CU[2], SIMDCPIStack.VMemInst, 0.051792828685
588, GPU[1].SA[3].CU[2], SIMDCPIStack.total, 7.311752988048
589, GPU[1].SA[3].CU[3], CPIStack.Branch, 0.034438775510
590, GPU[1].SA[3].CU[3], CPIStack.Fetch, 0.445153061224
591, GPU[1].SA[3].CU[3], CPIStack.Idle, 0.000637755102
592, GPU[1].SA[3].CU[3], CPIStack.ScalarInst, 0.245535714286
593, GPU[1].SA[3].CU[3], CPIStack.ScalarMem, 0.998724489796
594, GPU[1].SA[3].CU[3], CPIStack.ScalarMemInst, 0.005739795918
595, GPU[1].SA[3].CU[3], CPIStack.Special, 0.000000000000
596, GPU[1].SA[3].CU[3], CPIStack.VALU, 1.443877551020
597, GPU[1].SA[3].CU[3], CPIStack.VMem, 1.280612244898
598, GPU[1].SA[3].CU[3], CPIStack.VMemInst, 0.008290816327
599, GPU[1].SA[3].CU[3], CPIStack.total, 4.678571428571
600, GPU[1].SA[3].CU[3], SIMDCPIStack.Branch, 0.053784860558
601, GPU[1].SA[3].CU[3], SIMDCPIStack.Fetch, 0.695219123506
602, GPU[1].SA[3].CU[3], SIMDCPIStack.Idle, 0.000996015936
603, GPU[1].SA[3].CU[3], SIMDCPIStack.ScalarInst, 0.383466135458
604, GPU[1].SA[3].CU[3], SIMDCPIStack.ScalarMem, 1.559760956175
605, GPU[1].SA[3].CU[3], SIMDCPIStack.ScalarMemInst, 0.008964143426
606, GPU[1].SA[3].CU[3], SIMDCPIStack.Special, 0.000000000000
607, GPU[1].SA[3].CU[3], SIMDCPIStack.VALU, 2.254980079681
608, GPU[1].SA[3].CU[3], SIMDCPIStack.VMem, 2.000000000000
609, GPU[1].SA[3].CU[3], SIMDCPIStack.VMemInst, 0.012948207171
610, GPU[1].SA[3].CU[3], SIMDCPIStack.total, 7.306772908367
611, GPU[1].SA[4].CU[0], CPIStack.total, NaN
612, GPU[1].SA[4].CU[0], SIMDCPIStack.total, NaN
613, GPU[1].SA[4].CU[1], CPIStack.total, NaN
614, GPU[1].SA[4].CU[1], SIMDCPIStack.total, NaN
615, GPU[1].SA[4].CU[2], CPIStack.total, NaN
616, GPU[1].SA[4].CU[2], SIMDCPIStack.total, NaN
617, GPU[1].SA[4].CU[3], CPIStack.total, NaN
618, GPU[1].SA[4].CU[3], SIMDCPIStack.total, NaN
619, GPU[1].SA[5].CU[0], CPIStack.total, NaN
620, GPU[1].SA[5].CU[0], SIMDCPIStack.total, NaN
621, GPU[1].SA[5].CU[1], CPIStack.total, NaN
622, GPU[1].SA[5].CU[1], SIMDCPIStack.total, NaN
623, GPU[1].SA[5].CU[2], CPIStack.total, NaN
624, GPU[1].SA[5].CU[2], SIMDCPIStack.total, NaN
625, GPU[1].SA[5].CU[3], CPIStack.total, NaN
626, GPU[1].SA[5].CU[3], SIMDCPIStack.total, NaN
627, GPU[1].SA[6].CU[0], CPIStack.total, NaN
628, GPU[1].SA[6].CU[0], SIMDCPIStack.total, NaN
629, GPU[1].SA[6].CU[1], CPIStack.total, NaN
630, GPU[1].SA[6].CU[1], SIMDCPIStack.total, NaN
631, GPU[1].SA[6].CU[2], CPIStack.total, NaN
632, GPU[1].SA[6].CU[2], SIMDCPIStack.total, NaN
633, GPU[1].SA[6].CU[3], CPIStack.total, NaN
634, GPU[1].SA[6].CU[3], SIMDCPIStack.total, NaN
635, GPU[1].SA[7].CU[0], CPIStack.total, NaN
636, GPU[1].SA[7].CU[0], SIMDCPIStack.total, NaN
637, GPU[1].SA[7].CU[1], CPIStack.total, NaN
638, GPU[1].SA[7].CU[1], SIMDCPIStack.total, NaN
639, GPU[1].SA[7].CU[2], CPIStack.total, NaN
640, GPU[1].SA[7].CU[2], SIMDCPIStack.total, NaN
641, GPU[1].SA[7].CU[3], CPIStack.total, NaN
642, GPU[1].SA[7].CU[3], SIMDCPIStack.total, NaN
643, GPU[1].SA[8].CU[0], CPIStack.total, NaN
644, GPU[1].SA[8].CU[0], SIMDCPIStack.total, NaN
645, GPU[1].SA[8].CU[1], CPIStack.total, NaN
646, GPU[1].SA[8].CU[1], SIMDCPIStack.total, NaN
647, GPU[1].SA[8].CU[2], CPIStack.total, NaN
648, GPU[1].SA[8].CU[2], SIMDCPIStack.total, NaN
649, GPU[1].SA[8].CU[3], CPIStack.total, NaN
650, GPU[1].SA[8].CU[3], SIMDCPIStack.total, NaN
651, GPU[1].SA[9].CU[0], CPIStack.total, NaN
652, GPU[1].SA[9].CU[0], SIMDCPIStack.total, NaN
653, GPU[1].SA[9].CU[1], CPIStack.total, NaN
654, GPU[1].SA[9].CU[1], SIMDCPIStack.total, NaN
655, GPU[1].SA[9].CU[2], CPIStack.total, NaN
656, GPU[1].SA[9].CU[2], SIMDCPIStack.total, NaN
657, GPU[1].SA[9].CU[3], CPIStack.total, NaN
658, GPU[1].SA[9].CU[3], SIMDCPIStack.total, NaN
659, GPU[1].SA[10].CU[0], CPIStack.total, NaN
660, GPU[1].SA[10].CU[0], SIMDCPIStack.total, NaN
661, GPU[1].SA[10].CU[1], CPIStack.total, NaN
662, GPU[1].SA[10].CU[1], SIMDCPIStack.total, NaN
663, GPU[1].SA[10].CU[2], CPIStack.total, NaN
664, GPU[1].SA[10].CU[2], SIMDCPIStack.total, NaN
665, GPU[1].SA[10].CU[3], CPIStack.total, NaN
666, GPU[1].SA[10].CU[3], SIMDCPIStack.total, NaN
667, GPU[1].SA[11].CU[0], CPIStack.total, NaN
668, GPU[1].SA[11].CU[0], SIMDCPIStack.total, NaN
669, GPU[1].SA[11].CU[1], CPIStack.total, NaN
670, GPU[1].SA[11].CU[1], SIMDCPIStack.total, NaN
671, GPU[1].SA[11].CU[2], CPIStack.total, NaN
672, GPU[1].SA[11].CU[2], SIMDCPIStack.total, NaN
673, GPU[1].SA[11].CU[3], CPIStack.total, NaN
674, GPU[1].SA[11].CU[3], SIMDCPIStack.total, NaN
675, GPU[1].SA[12].CU[0], CPIStack.total, NaN
676, GPU[1].SA[12].CU[0], SIMDCPIStack.total, NaN
677, GPU[1].SA[12].CU[1], CPIStack.total, NaN
678, GPU[1].SA[12].CU[1], SIMDCPIStack.total, NaN
679, GPU[1].SA[12].CU[2], CPIStack.total, NaN
680, GPU[1].SA[12].CU[2], SIMDCPIStack.total, NaN
681, GPU[1].SA[12].CU[3], CPIStack.total, NaN
682, GPU[1].SA[12].CU[3], SIMDCPIStack.total, NaN
683, GPU[1].SA[13].CU[0], CPIStack.total, NaN
684, GPU[1].SA[13].CU[0], SIMDCPIStack.total, NaN
685, GPU[1].SA[13].CU[1], CPIStack.total, NaN
686, GPU[1].SA[13].CU[1], SIMDCPIStack.total, NaN
687, GPU[1].SA[13].CU[2], CPIStack.total, NaN
688, GPU[1].SA[13].CU[2], SIMDCPIStack.total, NaN
689, GPU[1].SA[13].CU[3], CPIStack.total, NaN
690, GPU[1].SA[13].CU[3], SIMDCPIStack.total, NaN
691, GPU[1].SA[14].CU[0], CPIStack.total, NaN
692, GPU[1].SA[14].CU[0], SIMDCPIStack.total, NaN
693, GPU[1].SA[14].CU[1], CPIStack.total, NaN
694, GPU[1].SA[14].CU[1], SIMDCPIStack.total, NaN
695, GPU[1].SA[14].CU[2], CPIStack.total, NaN
696, GPU[1].SA[14].CU[2], SIMDCPIStack.total, NaN
697, GPU[1].SA[14].CU[3], CPIStack.total, NaN
698, GPU[1].SA[14].CU[3], SIMDCPIStack.total, NaN
699, GPU[1].SA[15].CU[0], CPIStack.total, NaN
700, GPU[1].SA[15].CU[0], SIMDCPIStack.total, NaN
701, GPU[1].SA[15].CU[1], CPIStack.total, NaN
702, GPU[1].SA[15].CU[1], SIMDCPIStack.total, NaN
703, GPU[1].SA[15].CU[2], CPIStack.total, NaN
704, GPU[1].SA[15].CU[2], SIMDCPIStack.total, NaN
705, GPU[1].SA[15].CU[3], CPIStack.total, NaN
706, GPU[1].SA[15].CU[3], SIMDCPIStack.total, NaN
707, GPU[1].SA[0].CU[0].SIMD0, busy_time, 0.000001004000
708, GPU[1].SA[0].CU[0].SIMD1, busy_time, 0.000001004000
709, GPU[1].SA[0].CU[0].SIMD2, busy_time, 0.000001004000
710, GPU[1].SA[0].CU[0].SIMD3, busy_time, 0.000001004000
711, GPU[1].SA[0].CU[1].SIMD0, busy_time, 0.000001004000
712, GPU[1].SA[0].CU[1].SIMD1, busy_time, 0.000001004000
713, GPU[1].SA[0].CU[1].SIMD2, busy_time, 0.000001004000
714, GPU[1].SA[0].CU[1].SIMD3, busy_time, 0.000001004000
715, GPU[1].SA[0].CU[2].SIMD0, busy_time, 0.000001004000
716, GPU[1].SA[0].CU[2].SIMD1, busy_time, 0.000001004000
717, GPU[1].SA[0].CU[2].SIMD2, busy_time, 0.000001004000
718, GPU[1].SA[0].CU[2].SIMD3, busy_time, 0.000001004000
719, GPU[1].SA[0].CU[3].SIMD0, busy_time, 0.000001004000
720, GPU[1].SA[0].CU[3].SIMD1, busy_time, 0.000001004000
721, GPU[1].SA[0].CU[3].SIMD2, busy_time, 0.000001004000
722, GPU[1].SA[0].CU[3].SIMD3, busy_time, 0.000001004000
723, GPU[1].SA[1].CU[0].SIMD0, busy_time, 0.000001004000
724, GPU[1].SA[1].CU[0].SIMD1, busy_time, 0.000001004000
725, GPU[1].SA[1].CU[0].SIMD2, busy_time, 0.000001004000
726, GPU[1].SA[1].CU[0].SIMD3, busy_time, 0.000001004000
727, GPU[1].SA[1].CU[1].SIMD0, busy_time, 0.000001004000
728, GPU[1].SA[1].CU[1].SIMD1, busy_time, 0.000001004000
729, GPU[1].SA[1].CU[1].SIMD2, busy_time, 0.000001004000
730, GPU[1].SA[1].CU[1].SIMD3, busy_time, 0.000001004000
731, GPU[1].SA[1].CU[2].SIMD0, busy_time, 0.000001004000
732, GPU[1].SA[1].CU[2].SIMD1, busy_time, 0.000001004000
733, GPU[1].SA[1].CU[2].SIMD2, busy_time, 0.000001004000
734, GPU[1].SA[1].CU[2].SIMD3, busy_time, 0.000001004000
735, GPU[1].SA[1].CU[3].SIMD0, busy_time, 0.000001004000
736, GPU[1].SA[1].CU[3].SIMD1, busy_time, 0.000001004000
737, GPU[1].SA[1].CU[3].SIMD2, busy_time, 0.000001004000
738, GPU[1].SA[1].CU[3].SIMD3, busy_time, 0.000001004000
739, GPU[1].SA[2].CU[0].SIMD0, busy_time, 0.000001004000
740, GPU[1].SA[2].CU[0].SIMD1, busy_time, 0.000001004000
741, GPU[1].SA[2].CU[0].SIMD2, busy_time, 0.000001004000
742, GPU[1].SA[2].CU[0].SIMD3, busy_time, 0.000001004000
743, GPU[1].SA[2].CU[1].SIMD0, busy_time, 0.000001004000
744, GPU[1].SA[2].CU[1].SIMD1, busy_time, 0.000001004000
745, GPU[1].SA[2].CU[1].SIMD2, busy_time, 0.000001004000
746, GPU[1].SA[2].CU[1].SIMD3, busy_time, 0.000001004000
747, GPU[1].SA[2].CU[2].SIMD0, busy_time, 0.000001004000
748, GPU[1].SA[2].CU[2].SIMD1, busy_time, 0.000001004000
749, GPU[1].SA[2].CU[2].SIMD2, busy_time, 0.000001004000
750, GPU[1].SA[2].CU[2].SIMD3, busy_time, 0.000001004000
751, GPU[1].SA[2].CU[3].SIMD0, busy_time, 0.000001004000
752, GPU[1].SA[2].CU[3].SIMD1, busy_time, 0.000001004000
753, GPU[1].SA[2].CU[3].SIMD2, busy_time, 0.000001004000
754, GPU[1].SA[2].CU[3].SIMD3, busy_time, 0.000001004000
755, GPU[1].SA[3].CU[0].SIMD0, busy_time, 0.000001004000
756, GPU[1].SA[3].CU[0].SIMD1, busy_time, 0.000001004000
757, GPU[1].SA[3].CU[0].SIMD2, busy_time, 0.000001004000
758, GPU[1].SA[3].CU[0].SIMD3, busy_time, 0.000001004000
759, GPU[1].SA[3].CU[1].SIMD0, busy_time, 0.000001004000
760, GPU[1].SA[3].CU[1].SIMD1, busy_time, 0.000001004000
761, GPU[1].SA[3].CU[1].SIMD2, busy_time, 0.000001004000
762, GPU[1].SA[3].CU[1].SIMD3, busy_time, 0.000001004000
763, GPU[1].SA[3].CU[2].SIMD0, busy_time, 0.000001004000
764, GPU[1].SA[3].CU[2].SIMD1, busy_time, 0.000001004000
765, GPU[1].SA[3].CU[2].SIMD2, busy_time, 0.000001004000
766, GPU[1].SA[3].CU[2].SIMD3, busy_time, 0.000001004000
767, GPU[1].SA[3].CU[3].SIMD0, busy_time, 0.000001004000
768, GPU[1].SA[3].CU[3].SIMD1, busy_time, 0.000001004000
769, GPU[1].SA[3].CU[3].SIMD2, busy_time, 0.000001004000
770, GPU[1].SA[3].CU[3].SIMD3, busy_time, 0.000001004000
771, GPU[1].SA[4].CU[0].SIMD0, busy_time, 0.000000000000
772, GPU[1].SA[4].CU[0].SIMD1, busy_time, 0.000000000000
773, GPU[1].SA[4].CU[0].SIMD2, busy_time, 0.000000000000
774, GPU[1].SA[4].CU[0].SIMD3, busy_time, 0.000000000000
775, GPU[1].SA[4].CU[1].SIMD0, busy_time, 0.000000000000
776, GPU[1].SA[4].CU[1].SIMD1, busy_time, 0.000000000000
777, GPU[1].SA[4].CU[1].SIMD2, busy_time, 0.000000000000
778, GPU[1].SA[4].CU[1].SIMD3, busy_time, 0.000000000000
779, GPU[1].SA[4].CU[2].SIMD0, busy_time, 0.000000000000
780, GPU[1].SA[4].CU[2].SIMD1, busy_time, 0.000000000000
781, GPU[1].SA[4].CU[2].SIMD2, busy_time, 0.000000000000
782, GPU[1].SA[4].CU[2].SIMD3, busy_time, 0.000000000000
783, GPU[1].SA[4].CU[3].SIMD0, busy_time, 0.000000000000
784, GPU[1].SA[4].CU[3].SIMD1, busy_time, 0.000000000000
785, GPU[1].SA[4].CU[3].SIMD2, busy_time, 0.000000000000
786, GPU[1].SA[4].CU[3].SIMD3, busy_time, 0.000000000000
787, GPU[1].SA[5].CU[0].SIMD0, busy_time, 0.000000000000
788, GPU[1].SA[5].CU[0].SIMD1, busy_time, 0.000000000000
789, GPU[1].SA[5].CU[0].SIMD2, busy_time, 0.000000000000
790, GPU[1].SA[5].CU[0].SIMD3, busy_time, 0.000000000000
791, GPU[1].SA[5].CU[1].SIMD0, busy_time, 0.000000000000
792, GPU[1].SA[5].CU[1].SIMD1, busy_time, 0.000000000000
793, GPU[1].SA[5].CU[1].SIMD2, busy_time, 0.000000000000
794, GPU[1].SA[5].CU[1].SIMD3, busy_time, 0.000000000000
795, GPU[1].SA[5].CU[2].SIMD0, busy_time, 0.000000000000
796, GPU[1].SA[5].CU[2].SIMD1, busy_time, 0.000000000000
797, GPU[1].SA[5].CU[2].SIMD2, busy_time, 0.000000000000
798, GPU[1].SA[5].CU[2].SIMD3, busy_time, 0.000000000000
799, GPU[1].SA[5].CU[3].SIMD0, busy_time, 0.000000000000
800, GPU[1].SA[5].CU[3].SIMD1, busy_time, 0.000000000000
801, GPU[1].SA[5].CU[3].SIMD2, busy_time, 0.000000000000
802, GPU[1].SA[5].CU[3].SIMD3, busy_time, 0.000000000000
803, GPU[1].SA[6].CU[0].SIMD0, busy_time, 0.000000000000
804, GPU[1].SA[6].CU[0].SIMD1, busy_time, 0.000000000000
805, GPU[1].SA[6].CU[0].SIMD2, busy_time, 0.000000000000
806, GPU[1].SA[6].CU[0].SIMD3, busy_time, 0.000000000000
807, GPU[1].SA[6].CU[1].SIMD0, busy_time, 0.000000000000
808, GPU[1].SA[6].CU[1].SIMD1, busy_time, 0.000000000000
809, GPU[1].SA[6].CU[1].SIMD2, busy_time, 0.000000000000
810, GPU[1].SA[6].CU[1].SIMD3, busy_time, 0.000000000000
811, GPU[1].SA[6].CU[2].SIMD0, busy_time, 0.000000000000
812, GPU[1].SA[6].CU[2].SIMD1, busy_time, 0.000000000000
813, GPU[1].SA[6].CU[2].SIMD2, busy_time, 0.000000000000
814, GPU[1].SA[6].CU[2].SIMD3, busy_time, 0.000000000000
815, GPU[1].SA[6].CU[3].SIMD0, busy_time, 0.000000000000
816, GPU[1].SA[6].CU[3].SIMD1, busy_time, 0.000000000000
817, GPU[1].SA[6].CU[3].SIMD2, busy_time, 0.000000000000
818, GPU[1].SA[6].CU[3].SIMD3, busy_time, 0.000000000000
819, GPU[1].SA[7].CU[0].SIMD0, busy_time, 0.000000000000
820, GPU[1].SA[7].CU[0].SIMD1, busy_time, 0.000000000000
821, GPU[1].SA[7].CU[0].SIMD2, busy_time, 0.000000000000
822, GPU[1].SA[7].CU[0].SIMD3, busy_time, 0.000000000000
823, GPU[1].SA[7].CU[1].SIMD0, busy_time, 0.000000000000
824, GPU[1].SA[7].CU[1].SIMD1, busy_time, 0.000000000000
825, GPU[1].SA[7].CU[1].SIMD2, busy_time, 0.000000000000
826, GPU[1].SA[7].CU[1].SIMD3, busy_time, 0.000000000000
827, GPU[1].SA[7].CU[2].SIMD0, busy_time, 0.000000000000
828, GPU[1].SA[7].CU[2].SIMD1, busy_time, 0.000000000000
829, GPU[1].SA[7].CU[2].SIMD2, busy_time, 0.000000000000
830, GPU[1].SA[7].CU[2].SIMD3, busy_time, 0.000000000000
831, GPU[1].SA[7].CU[3].SIMD0, busy_time, 0.000000000000
832, GPU[1].SA[7].CU[3].SIMD1, busy_time, 0.000000000000
833, GPU[1].SA[7].CU[3].SIMD2, busy_time, 0.000000000000
834, GPU[1].SA[7].CU[3].SIMD3, busy_time, 0.000000000000
835, GPU[1].SA[8].CU[0].SIMD0, busy_time, 0.000000000000
836, GPU[1].SA[8].CU[0].SIMD1, busy_time, 0.000000000000
837, GPU[1].SA[8].CU[0].SIMD2, busy_time, 0.000000000000
838, GPU[1].SA[8].CU[0].SIMD3, busy_time, 0.000000000000
839, GPU[1].SA[8].CU[1].SIMD0, busy_time, 0.000000000000
840, GPU[1].SA[8].CU[1].SIMD1, busy_time, 0.000000000000
841, GPU[1].SA[8].CU[1].SIMD2, busy_time, 0.000000000000
842, GPU[1].SA[8].CU[1].SIMD3, busy_time, 0.000000000000
843, GPU[1].SA[8].CU[2].SIMD0, busy_time, 0.000000000000
844, GPU[1].SA[8].CU[2].SIMD1, busy_time, 0.000000000000
845, GPU[1].SA[8].CU[2].SIMD2, busy_time, 0.000000000000
846, GPU[1].SA[8].CU[2].SIMD3, busy_time, 0.000000000000
847, GPU[1].SA[8].CU[3].SIMD0, busy_time, 0.000000000000
848, GPU[1].SA[8].CU[3].SIMD1, busy_time, 0.000000000000
849, GPU[1].SA[8].CU[3].SIMD2, busy_time, 0.000000000000
850, GPU[1].SA[8].CU[3].SIMD3, busy_time, 0.000000000000
851, GPU[1].SA[9].CU[0].SIMD0, busy_time, 0.000000000000
852, GPU[1].SA[9].CU[0].SIMD1, busy_time, 0.000000000000
853, GPU[1].SA[9].CU[0].SIMD2, busy_time, 0.000000000000
854, GPU[1].SA[9].CU[0].SIMD3, busy_time, 0.000000000000
855, GPU[1].SA[9].CU[1].SIMD0, busy_time, 0.000000000000
856, GPU[1].SA[9].CU[1].SIMD1, busy_time, 0.000000000000
857, GPU[1].SA[9].CU[1].SIMD2, busy_time, 0.000000000000
858, GPU[1].SA[9].CU[1].SIMD3, busy_time, 0.000000000000
859, GPU[1].SA[9].CU[2].SIMD0, busy_time, 0.000000000000
860, GPU[1].SA[9].CU[2].SIMD1, busy_time, 0.000000000000
861, GPU[1].SA[9].CU[2].SIMD2, busy_time, 0.000000000000
862, GPU[1].SA[9].CU[2].SIMD3, busy_time, 0.000000000000
863, GPU[1].SA[9].CU[3].SIMD0, busy_time, 0.000000000000
864, GPU[1].SA[9].CU[3].SIMD1, busy_time, 0.000000000000
865, GPU[1].SA[9].CU[3].SIMD2, busy_time, 0.000000000000
866, GPU[1].SA[9].CU[3].SIMD3, busy_time, 0.000000000000
867, GPU[1].SA[10].CU[0].SIMD0, busy_time, 0.000000000000
868, GPU[1].SA[10].CU[0].SIMD1, busy_time, 0.000000000000
869, GPU[1].SA[10].CU[0].SIMD2, busy_time, 0.000000000000
870, GPU[1].SA[10].CU[0].SIMD3, busy_time, 0.000000000000
871, GPU[1].SA[10].CU[1].SIMD0, busy_time, 0.000000000000
872, GPU[1].SA[10].CU[1].SIMD1, busy_time, 0.000000000000
873, GPU[1].SA[10].CU[1].SIMD2, busy_time, 0.000000000000
874, GPU[1].SA[10].CU[1].SIMD3, busy_time, 0.000000000000
875, GPU[1].SA[10].CU[2].SIMD0, busy_time, 0.000000000000
876, GPU[1].SA[10].CU[2].SIMD1, busy_time, 0.000000000000
877, GPU[1].SA[10].CU[2].SIMD2, busy_time, 0.000000000000
878, GPU[1].SA[10].CU[2].SIMD3, busy_time, 0.000000000000
879, GPU[1].SA[10].CU[3].SIMD0, busy_time, 0.000000000000
880, GPU[1].SA[10].CU[3].SIMD1, busy_time, 0.000000000000
881, GPU[1].SA[10].CU[3].SIMD2, busy_time, 0.000000000000
882, GPU[1].SA[10].CU[3].SIMD3, busy_time, 0.000000000000
883, GPU[1].SA[11].CU[0].SIMD0, busy_time, 0.000000000000
884, GPU[1].SA[11].CU[0].SIMD1, busy_time, 0.000000000000
885, GPU[1].SA[11].CU[0].SIMD2, busy_time, 0.000000000000
886, GPU[1].SA[11].CU[0].SIMD3, busy_time, 0.000000000000
887, GPU[1].SA[11].CU[1].SIMD0, busy_time, 0.000000000000
888, GPU[1].SA[11].CU[1].SIMD1, busy_time, 0.000000000000
889, GPU[1].SA[11].CU[1].SIMD2, busy_time, 0.000000000000
890, GPU[1].SA[11].CU[1].SIMD3, busy_time, 0.000000000000
891, GPU[1].SA[11].CU[2].SIMD0, busy_time, 0.000000000000
892, GPU[1].SA[11].CU[2].SIMD1, busy_time, 0.000000000000
893, GPU[1].SA[11].CU[2].SIMD2, busy_time, 0.000000000000
894, GPU[1].SA[11].CU[2].SIMD3, busy_time, 0.000000000000
895, GPU[1].SA[11].CU[3].SIMD0, busy_time, 0.000000000000
896, GPU[1].SA[11].CU[3].SIMD1, busy_time, 0.000000000000
897, GPU[1].SA[11].CU[3].SIMD2, busy_time, 0.000000000000
898, GPU[1].SA[11].CU[3].SIMD3, busy_time, 0.000000000000
899, GPU[1].SA[12].CU[0].SIMD0, busy_time, 0.000000000000
900, GPU[1].SA[12].CU[0].SIMD1, busy_time, 0.000000000000
901, GPU[1].SA[12].CU[0].SIMD2, busy_time, 0.000000000000
902, GPU[1].SA[12].CU[0].SIMD3, busy_time, 0.000000000000
903, GPU[1].SA[12].CU[1].SIMD0, busy_time, 0.000000000000
904, GPU[1].SA[12].CU[1].SIMD1, busy_time, 0.000000000000
905, GPU[1].SA[12].CU[1].SIMD2, busy_time, 0.000000000000
906, GPU[1].SA[12].CU[1].SIMD3, busy_time, 0.000000000000
907, GPU[1].SA[12].CU[2].SIMD0, busy_time, 0.000000000000
908, GPU[1].SA[12].CU[2].SIMD1, busy_time, 0.000000000000
909, GPU[1].SA[12].CU[2].SIMD2, busy_time, 0.000000000000
910, GPU[1].SA[12].CU[2].SIMD3, busy_time, 0.000000000000
911, GPU[1].SA[12].CU[3].SIMD0, busy_time, 0.000000000000
912, GPU[1].SA[12].CU[3].SIMD1, busy_time, 0.000000000000
913, GPU[1].SA[12].CU[3].SIMD2, busy_time, 0.000000000000
914, GPU[1].SA[12].CU[3].SIMD3, busy_time, 0.000000000000
915, GPU[1].SA[13].CU[0].SIMD0, busy_time, 0.000000000000
916, GPU[1].SA[13].CU[0].SIMD1, busy_time, 0.000000000000
917, GPU[1].SA[13].CU[0].SIMD2, busy_time, 0.000000000000
918, GPU[1].SA[13].CU[0].SIMD3, busy_time, 0.000000000000
919, GPU[1].SA[13].CU[1].SIMD0, busy_time, 0.000000000000
920, GPU[1].SA[13].CU[1].SIMD1, busy_time, 0.000000000000
921, GPU[1].SA[13].CU[1].SIMD2, busy_time, 0.000000000000
922, GPU[1].SA[13].CU[1].SIMD3, busy_time, 0.000000000000
923, GPU[1].SA[13].CU[2].SIMD0, busy_time, 0.000000000000
924, GPU[1].SA[13].CU[2].SIMD1, busy_time, 0.000000000000
925, GPU[1].SA[13].CU[2].SIMD2, busy_time, 0.000000000000
926, GPU[1].SA[13].CU[2].SIMD3, busy_time, 0.000000000000
927, GPU[1].SA[13].CU[3].SIMD0, busy_time, 0.000000000000
928, GPU[1].SA[13].CU[3].SIMD1, busy_time, 0.000000000000
929, GPU[1].SA[13].CU[3].SIMD2, busy_time, 0.000000000000
930, GPU[1].SA[13].CU[3].SIMD3, busy_time, 0.000000000000
931, GPU[1].SA[14].CU[0].SIMD0, busy_time, 0.000000000000
932, GPU[1].SA[14].CU[0].SIMD1, busy_time, 0.000000000000
933, GPU[1].SA[14].CU[0].SIMD2, busy_time, 0.000000000000
934, GPU[1].SA[14].CU[0].SIMD3, busy_time, 0.000000000000
935, GPU[1].SA[14].CU[1].SIMD0, busy_time, 0.000000000000
936, GPU[1].SA[14].CU[1].SIMD1, busy_time, 0.000000000000
937, GPU[1].SA[14].CU[1].SIMD2, busy_time, 0.000000000000
938, GPU[1].SA[14].CU[1].SIMD3, busy_time, 0.000000000000
939, GPU[1].SA[14].CU[2].SIMD0, busy_time, 0.000000000000
940, GPU[1].SA[14].CU[2].SIMD1, busy_time, 0.000000000000
941, GPU[1].SA[14].CU[2].SIMD2, busy_time, 0.000000000000
942, GPU[1].SA[14].CU[2].SIMD3, busy_time, 0.000000000000
943, GPU[1].SA[14].CU[3].SIMD0, busy_time, 0.000000000000
944, GPU[1].SA[14].CU[3].SIMD1, busy_time, 0.000000000000
945, GPU[1].SA[14].CU[3].SIMD2, busy_time, 0.000000000000
946, GPU[1].SA[14].CU[3].SIMD3, busy_time, 0.000000000000
947, GPU[1].SA[15].CU[0].SIMD0, busy_time, 0.000000000000
948, GPU[1].SA[15].CU[0].SIMD1, busy_time, 0.000000000000
949, GPU[1].SA[15].CU[0].SIMD2, busy_time, 0.000000000000
950, GPU[1].SA[15].CU[0].SIMD3, busy_time, 0.000000000000
951, GPU[1].SA[15].CU[1].SIMD0, busy_time, 0.000000000000
952, GPU[1].SA[15].CU[1].SIMD1, busy_time, 0.000000000000
953, GPU[1].SA[15].CU[1].SIMD2, busy_time, 0.000000000000
954, GPU[1].SA[15].CU[1].SIMD3, busy_time, 0.000000000000
955, GPU[1].SA[15].CU[2].SIMD0, busy_time, 0.000000000000
956, GPU[1].SA[15].CU[2].SIMD1, busy_time, 0.000000000000
957, GPU[1].SA[15].CU[2].SIMD2, busy_time, 0.000000000000
958, GPU[1].SA[15].CU[2].SIMD3, busy_time, 0.000000000000
959, GPU[1].SA[15].CU[3].SIMD0, busy_time, 0.000000000000
960, GPU[1].SA[15].CU[3].SIMD1, busy_time, 0.000000000000
961, GPU[1].SA[15].CU[3].SIMD2, busy_time, 0.000000000000
962, GPU[1].SA[15].CU[3].SIMD3, busy_time, 0.000000000000
963, GPU[1].SA[0].L1ICache, req_average_latency, 0.000000022200
964, GPU[1].SA[1].L1ICache, req_average_latency, 0.000000021823
965, GPU[1].SA[2].L1ICache, req_average_latency, 0.000000021446
966, GPU[1].SA[3].L1ICache, req_average_latency, 0.000000021068
967, GPU[1].SA[0].L1SCache, req_average_latency, 0.000000012900
968, GPU[1].SA[1].L1SCache, req_average_latency, 0.000000012900
969, GPU[1].SA[2].L1SCache, req_average_latency, 0.000000012900
970, GPU[1].SA[3].L1SCache, req_average_latency, 0.000000012900
971, GPU[1].SA[0].L1VCache[0], req_average_latency, 0.000000063608
972, GPU[1].SA[0].L1VCache[1], req_average_latency, 0.000000063488
973, GPU[1].SA[0].L1VCache[2], req_average_latency, 0.000000063681
974, GPU[1].SA[0].L1VCache[3], req_average_latency, 0.000000063681
975, GPU[1].SA[1].L1VCache[0], req_average_latency, 0.000000063777
976, GPU[1].SA[1].L1VCache[1], req_average_latency, 0.000000063777
977, GPU[1].SA[1].L1VCache[2], req_average_latency, 0.000000063970
978, GPU[1].SA[1].L1VCache[3], req_average_latency, 0.000000063970
979, GPU[1].SA[2].L1VCache[0], req_average_latency, 0.000000064114
980, GPU[1].SA[2].L1VCache[1], req_average_latency, 0.000000064114
981, GPU[1].SA[2].L1VCache[2], req_average_latency, 0.000000064500
982, GPU[1].SA[2].L1VCache[3], req_average_latency, 0.000000064500
983, GPU[1].SA[3].L1VCache[0], req_average_latency, 0.000000064789
984, GPU[1].SA[3].L1VCache[1], req_average_latency, 0.000000065223
985, GPU[1].SA[3].L1VCache[2], req_average_latency, 0.000000066524
986, GPU[1].SA[3].L1VCache[3], req_average_latency, 0.000000066090
987, GPU[1].L2[0], req_average_latency, 0.000000053622
988, GPU[1].L2[1], req_average_latency, 0.000000054000
989, GPU[1].L2[2], req_average_latency, 0.000000053400
990, GPU[1].L2[3], req_average_latency, 0.000000053400
991, GPU[1].L2[4], req_average_latency, 0.000000054000
992, GPU[1].L2[5], req_average_latency, 0.000000054000
993, GPU[1].L2[6], req_average_latency, 0.000000053500
994, GPU[1].L2[7], req_average_latency, 0.000000045400
995, GPU[1].L2[8], req_average_latency, 0.000000054000
996, GPU[1].L2[9], req_average_latency, 0.000000054000
997, GPU[1].L2[10], req_average_latency, 0.000000053500
998, GPU[1].L2[11], req_average_latency, 0.000000053500
999, GPU[1].L2[12], req_average_latency, 0.000000054000
1000, GPU[1].L2[13], req_average_latency, 0.000000054000
1001, GPU[1].L2[14], req_average_latency, 0.000000053500
1002, GPU[1].L2[15], req_average_latency, 0.000000046231
1003, GPU[1].SA[0].L1VCache[0], read-hit, 299.000000000000
1004, GPU[1].SA[0].L1VCache[0], read-miss, 17.000000000000
1005, GPU[1].SA[0].L1VCache[0], read-mshr-hit, 0.000000000000
1006, GPU[1].SA[0].L1VCache[0], write-hit, 0.000000000000
1007, GPU[1].SA[0].L1VCache[0], write-miss, 16.000000000000
1008, GPU[1].SA[0].L1VCache[0], write-mshr-hit, 0.000000000000
1009, GPU[1].SA[0].L1VCache[1], read-hit, 299.000000000000
1010, GPU[1].SA[0].L1VCache[1], read-miss, 17.000000000000
1011, GPU[1].SA[0].L1VCache[1], read-mshr-hit, 0.000000000000
1012, GPU[1].SA[0].L1VCache[1], write-hit, 0.000000000000
1013, GPU[1].SA[0].L1VCache[1], write-miss, 16.000000000000
1014, GPU[1].SA[0].L1VCache[1], write-mshr-hit, 0.000000000000
1015, GPU[1].SA[0].L1VCache[2], read-hit, 299.000000000000
1016, GPU[1].SA[0].L1VCache[2], read-miss, 17.000000000000
1017, GPU[1].SA[0].L1VCache[2], read-mshr-hit, 0.000000000000
1018, GPU[1].SA[0].L1VCache[2], write-hit, 0.000000000000
1019, GPU[1].SA[0].L1VCache[2], write-miss, 16.000000000000
1020, GPU[1].SA[0].L1VCache[2], write-mshr-hit, 0.000000000000
1021, GPU[1].SA[0].L1VCache[3], read-hit, 299.000000000000
1022, GPU[1].SA[0].L1VCache[3], read-miss, 17.000000000000
1023, GPU[1].SA[0].L1VCache[3], read-mshr-hit, 0.000000000000
1024, GPU[1].SA[0].L1VCache[3], write-hit, 0.000000000000
1025, GPU[1].SA[0].L1VCache[3], write-miss, 16.000000000000
1026, GPU[1].SA[0].L1VCache[3], write-mshr-hit, 0.000000000000
1027, GPU[1].SA[1].L1VCache[0], read-hit, 299.000000000000
1028, GPU[1].SA[1].L1VCache[0], read-miss, 17.000000000000
1029, GPU[1].SA[1].L1VCache[0], read-mshr-hit, 0.000000000000
1030, GPU[1].SA[1].L1VCache[0], write-hit, 0.000000000000
1031, GPU[1].SA[1].L1VCache[0], write-miss, 16.000000000000
1032, GPU[1].SA[1].L1VCache[0], write-mshr-hit, 0.000000000000
1033, GPU[1].SA[1].L1VCache[1], read-hit, 299.000000000000
1034, GPU[1].SA[1].L1VCache[1], read-miss, 17.000000000000
1035, GPU[1].SA[1].L1VCache[1], read-mshr-hit, 0.000000000000
1036, GPU[1].SA[1].L1VCache[1], write-hit, 0.000000000000
1037, GPU[1].SA[1].L1VCache[1], write-miss, 16.000000000000
1038, GPU[1].SA[1].L1VCache[1], write-mshr-hit, 0.000000000000
1039, GPU[1].SA[1].L1VCache[2], read-hit, 299.000000000000
1040, GPU[1].SA[1].L1VCache[2], read-miss, 17.000000000000
1041, GPU[1].SA[1].L1VCache[2], read-mshr-hit, 0.000000000000
1042, GPU[1].SA[1].L1VCache[2], write-hit, 0.000000000000
1043, GPU[1].SA[1].L1VCache[2], write-miss, 16.000000000000
1044, GPU[1].SA[1].L1VCache[2], write-mshr-hit, 0.000000000000
1045, GPU[1].SA[1].L1VCache[3], read-hit, 299.000000000000
1046, GPU[1].SA[1].L1VCache[3], read-miss, 17.000000000000
1047, GPU[1].SA[1].L1VCache[3], read-mshr-hit, 0.000000000000
1048, GPU[1].SA[1].L1VCache[3], write-hit, 0.000000000000
1049, GPU[1].SA[1].L1VCache[3], write-miss, 16.000000000000
1050, GPU[1].SA[1].L1VCache[3], write-mshr-hit, 0.000000000000
1051, GPU[1].SA[2].L1VCache[0], read-hit, 299.000000000000
1052, GPU[1].SA[2].L1VCache[0], read-miss, 17.000000000000
1053, GPU[1].SA[2].L1VCache[0], read-mshr-hit, 0.000000000000
1054, GPU[1].SA[2].L1VCache[0], write-hit, 0.000000000000
1055, GPU[1].SA[2].L1VCache[0], write-miss, 16.000000000000
1056, GPU[1].SA[2].L1VCache[0], write-mshr-hit, 0.000000000000
1057, GPU[1].SA[2].L1VCache[1], read-hit, 299.000000000000
1058, GPU[1].SA[2].L1VCache[1], read-miss, 17.000000000000
1059, GPU[1].SA[2].L1VCache[1], read-mshr-hit, 0.000000000000
1060, GPU[1].SA[2].L1VCache[1], write-hit, 0.000000000000
1061, GPU[1].SA[2].L1VCache[1], write-miss, 16.000000000000
1062, GPU[1].SA[2].L1VCache[1], write-mshr-hit, 0.000000000000
1063, GPU[1].SA[2].L1VCache[2], read-hit, 299.000000000000
1064, GPU[1].SA[2].L1VCache[2], read-miss, 17.000000000000
1065, GPU[1].SA[2].L1VCache[2], read-mshr-hit, 0.000000000000
1066, GPU[1].SA[2].L1VCache[2], write-hit, 0.000000000000
1067, GPU[1].SA[2].L1VCache[2], write-miss, 16.000000000000
1068, GPU[1].SA[2].L1VCache[2], write-mshr-hit, 0.000000000000
1069, GPU[1].SA[2].L1VCache[3], read-hit, 299.000000000000
1070, GPU[1].SA[2].L1VCache[3], read-miss, 17.000000000000
1071, GPU[1].SA[2].L1VCache[3], read-mshr-hit, 0.000000000000
1072, GPU[1].SA[2].L1VCache[3], write-hit, 0.000000000000
1073, GPU[1].SA[2].L1VCache[3], write-miss, 16.000000000000
1074, GPU[1].SA[2].L1VCache[3], write-mshr-hit, 0.000000000000
1075, GPU[1].SA[3].L1VCache[0], read-hit, 299.000000000000
1076, GPU[1].SA[3].L1VCache[0], read-miss, 17.000000000000
1077, GPU[1].SA[3].L1VCache[0], read-mshr-hit, 0.000000000000
1078, GPU[1].SA[3].L1VCache[0], write-hit, 0.000000000000
1079, GPU[1].SA[3].L1VCache[0], write-miss, 16.000000000000
1080, GPU[1].SA[3].L1VCache[0], write-mshr-hit, 0.000000000000
1081, GPU[1].SA[3].L1VCache[1], read-hit, 299.000000000000
1082, GPU[1].SA[3].L1VCache[1], read-miss, 17.000000000000
1083, GPU[1].SA[3].L1VCache[1], read-mshr-hit, 0.000000000000
1084, GPU[1].SA[3].L1VCache[1], write-hit, 0.000000000000
1085, GPU[1].SA[3].L1VCache[1], write-miss, 16.000000000000
1086, GPU[1].SA[3].L1VCache[1], write-mshr-hit, 0.000000000000
1087, GPU[1].SA[3].L1VCache[2], read-hit, 299.000000000000
1088, GPU[1].SA[3].L1VCache[2], read-miss, 17.000000000000
1089, GPU[1].SA[3].L1VCache[2], read-mshr-hit, 0.000000000000
1090, GPU[1].SA[3].L1VCache[2], write-hit, 0.000000000000
1091, GPU[1].SA[3].L1VCache[2], write-miss, 16.000000000000
1092, GPU[1].SA[3].L1VCache[2], write-mshr-hit, 0.000000000000
1093, GPU[1].SA[3].L1VCache[3], read-hit, 299.000000000000
1094, GPU[1].SA[3].L1VCache[3], read-miss, 17.000000000000
1095, GPU[1].SA[3].L1VCache[3], read-mshr-hit, 0.000000000000
1096, GPU[1].SA[3].L1VCache[3], write-hit, 0.000000000000
1097, GPU[1].SA[3].L1VCache[3], write-miss, 16.000000000000
1098, GPU[1].SA[3].L1VCache[3], write-mshr-hit, 0.000000000000
1099, GPU[1].SA[0].L1SCache, read-hit, 272.000000000000
1100, GPU[1].SA[0].L1SCache, read-miss, 3.000000000000
1101, GPU[1].SA[0].L1SCache, read-mshr-hit, 0.000000000000
1102, GPU[1].SA[0].L1SCache, write-hit, 0.000000000000
1103, GPU[1].SA[0].L1SCache, write-miss, 0.000000000000
1104, GPU[1].SA[0].L1SCache, write-mshr-hit, 0.000000000000
1105, GPU[1].SA[1].L1SCache, read-hit, 272.000000000000
1106, GPU[1].SA[1].L1SCache, read-miss, 3.000000000000
1107, GPU[1].SA[1].L1SCache, read-mshr-hit, 0.000000000000
1108, GPU[1].SA[1].L1SCache, write-hit, 0.000000000000
1109, GPU[1].SA[1].L1SCache, write-miss, 0.000000000000
1110, GPU[1].SA[1].L1SCache, write-mshr-hit, 0.000000000000
1111, GPU[1].SA[2].L1SCache, read-hit, 272.000000000000
1112, GPU[1].SA[2].L1SCache, read-miss, 3.000000000000
1113, GPU[1].SA[2].L1SCache, read-mshr-hit, 0.000000000000
1114, GPU[1].SA[2].L1SCache, write-hit, 0.000000000000
1115, GPU[1].SA[2].L1SCache, write-miss, 0.000000000000
1116, GPU[1].SA[2].L1SCache, write-mshr-hit, 0.000000000000
1117, GPU[1].SA[3].L1SCache, read-hit, 272.000000000000
1118, GPU[1].SA[3].L1SCache, read-miss, 3.000000000000
1119, GPU[1].SA[3].L1SCache, read-mshr-hit, 0.000000000000
1120, GPU[1].SA[3].L1SCache, write-hit, 0.000000000000
1121, GPU[1].SA[3].L1SCache, write-miss, 0.000000000000
1122, GPU[1].SA[3].L1SCache, write-mshr-hit, 0.000000000000
1123, GPU[1].SA[0].L1ICache, read-hit, 784.000000000000
1124, GPU[1].SA[0].L1ICache, read-miss, 4.000000000000
1125, GPU[1].SA[0].L1ICache, read-mshr-hit, 0.000000000000
1126, GPU[1].SA[0].L1ICache, write-hit, 0.000000000000
1127, GPU[1].SA[0].L1ICache, write-miss, 0.000000000000
1128, GPU[1].SA[0].L1ICache, write-mshr-hit, 0.000000000000
1129, GPU[1].SA[1].L1ICache, read-hit, 784.000000000000
1130, GPU[1].SA[1].L1ICache, read-miss, 4.000000000000
1131, GPU[1].SA[1].L1ICache, read-mshr-hit, 0.000000000000
1132, GPU[1].SA[1].L1ICache, write-hit, 0.000000000000
1133, GPU[1].SA[1].L1ICache, write-miss, 0.000000000000
1134, GPU[1].SA[1].L1ICache, write-mshr-hit, 0.000000000000
1135, GPU[1].SA[2].L1ICache, read-hit, 784.000000000000
1136, GPU[1].SA[2].L1ICache, read-miss, 4.000000000000
1137, GPU[1].SA[2].L1ICache, read-mshr-hit, 0.000000000000
1138, GPU[1].SA[2].L1ICache, write-hit, 0.000000000000
1139, GPU[1].SA[2].L1ICache, write-miss, 0.000000000000
1140, GPU[1].SA[2].L1ICache, write-mshr-hit, 0.000000000000
1141, GPU[1].SA[3].L1ICache, read-hit, 784.000000000000
1142, GPU[1].SA[3].L1ICache, read-miss, 4.000000000000
1143, GPU[1].SA[3].L1ICache, read-mshr-hit, 0.000000000000
1144, GPU[1].SA[3].L1ICache, write-hit, 0.000000000000
1145, GPU[1].SA[3].L1ICache, write-miss, 0.000000000000
1146, GPU[1].SA[3].L1ICache, write-mshr-hit, 0.000000000000
1147, GPU[1].L2[0], read-hit, 0.000000000000
1148, GPU[1].L2[0], read-miss, 20.000000000000
1149, GPU[1].L2[0], read-mshr-hit, 0.000000000000
1150, GPU[1].L2[0], write-hit, 0.000000000000
1151, GPU[1].L2[0], write-miss, 16.000000000000
1152, GPU[1].L2[0], write-mshr-hit, 0.000000000000
1153, GPU[1].L2[1], read-hit, 0.000000000000
1154, GPU[1].L2[1], read-miss, 16.000000000000
1155, GPU[1].L2[1], read-mshr-hit, 0.000000000000
1156, GPU[1].L2[1], write-hit, 0.000000000000
1157, GPU[1].L2[1], write-miss, 16.000000000000
1158, GPU[1].L2[1], write-mshr-hit, 0.000000000000
1159, GPU[1].L2[2], read-hit, 0.000000000000
1160, GPU[1].L2[2], read-miss, 18.000000000000
1161, GPU[1].L2[2], read-mshr-hit, 0.000000000000
1162, GPU[1].L2[2], write-hit, 0.000000000000
1163, GPU[1].L2[2], write-miss, 16.000000000000
1164, GPU[1].L2[2], write-mshr-hit, 0.000000000000
1165, GPU[1].L2[3], read-hit, 0.000000000000
1166, GPU[1].L2[3], read-miss, 18.000000000000
1167, GPU[1].L2[3], read-mshr-hit, 0.000000000000
1168, GPU[1].L2[3], write-hit, 0.000000000000
1169, GPU[1].L2[3], write-miss, 16.000000000000
1170, GPU[1].L2[3], write-mshr-hit, 0.000000000000
1171, GPU[1].L2[4], read-hit, 0.000000000000
1172, GPU[1].L2[4], read-miss, 16.000000000000
1173, GPU[1].L2[4], read-mshr-hit, 0.000000000000
1174, GPU[1].L2[4], write-hit, 0.000000000000
1175, GPU[1].L2[4], write-miss, 16.000000000000
1176, GPU[1].L2[4], write-mshr-hit, 0.000000000000
1177, GPU[1].L2[5], read-hit, 0.000000000000
1178, GPU[1].L2[5], read-miss, 16.000000000000
1179, GPU[1].L2[5], read-mshr-hit, 0.000000000000
1180, GPU[1].L2[5], write-hit, 0.000000000000
1181, GPU[1].L2[5], write-miss, 16.000000000000
1182, GPU[1].L2[5], write-mshr-hit, 0.000000000000
1183, GPU[1].L2[6], read-hit, 0.000000000000
1184, GPU[1].L2[6], read-miss, 16.000000000000
1185, GPU[1].L2[6], read-mshr-hit, 0.000000000000
1186, GPU[1].L2[6], write-hit, 0.000000000000
1187, GPU[1].L2[6], write-miss, 16.000000000000
1188, GPU[1].L2[6], write-mshr-hit, 0.000000000000
1189, GPU[1].L2[7], read-hit, 8.000000000000
1190, GPU[1].L2[7], read-miss, 16.000000000000
1191, GPU[1].L2[7], read-mshr-hit, 0.000000000000
1192, GPU[1].L2[7], write-hit, 0.000000000000
1193, GPU[1].L2[7], write-miss, 16.000000000000
1194, GPU[1].L2[7], write-mshr-hit, 0.000000000000
1195, GPU[1].L2[8], read-hit, 0.000000000000
1196, GPU[1].L2[8], read-miss, 16.000000000000
1197, GPU[1].L2[8], read-mshr-hit, 0.000000000000
1198, GPU[1].L2[8], write-hit, 0.000000000000
1199, GPU[1].L2[8], write-miss, 16.000000000000
1200, GPU[1].L2[8], write-mshr-hit, 0.000000000000
1201, GPU[1].L2[9], read-hit, 0.000000000000
1202, GPU[1].L2[9], read-miss, 16.000000000000
1203, GPU[1].L2[9], read-mshr-hit, 0.000000000000
1204, GPU[1].L2[9], write-hit, 0.000000000000
1205, GPU[1].L2[9], write-miss, 16.000000000000
1206, GPU[1].L2[9], write-mshr-hit, 0.000000000000
1207, GPU[1].L2[10], read-hit, 0.000000000000
1208, GPU[1].L2[10], read-miss, 16.000000000000
1209, GPU[1].L2[10], read-mshr-hit, 0.000000000000
1210, GPU[1].L2[10], write-hit, 0.000000000000
1211, GPU[1].L2[10], write-miss, 16.000000000000
1212, GPU[1].L2[10], write-mshr-hit, 0.000000000000
1213, GPU[1].L2[11], read-hit, 0.000000000000
1214, GPU[1].L2[11], read-miss, 16.000000000000
1215, GPU[1].L2[11], read-mshr-hit, 0.000000000000
1216, GPU[1].L2[11], write-hit, 0.000000000000
1217, GPU[1].L2[11], write-miss, 16.000000000000
1218, GPU[1].L2[11], write-mshr-hit, 0.000000000000
1219, GPU[1].L2[12], read-hit, 0.000000000000
1220, GPU[1].L2[12], read-miss, 16.000000000000
1221, GPU[1].L2[12], read-mshr-hit, 0.000000000000
1222, GPU[1].L2[12], write-hit, 0.000000000000
1223, GPU[1].L2[12], write-miss, 16.000000000000
1224, GPU[1].L2[12], write-mshr-hit, 0.000000000000
1225, GPU[1].L2[13], read-hit, 0.000000000000
1226, GPU[1].L2[13], read-miss, 16.000000000000
1227, GPU[1].L2[13], read-mshr-hit, 0.000000000000
1228, GPU[1].L2[13], write-hit, 0.000000000000
1229, GPU[1].L2[13], write-miss, 16.000000000000
1230, GPU[1].L2[13], write-mshr-hit, 0.000000000000
1231, GPU[1].L2[14], read-hit, 0.000000000000
1232, GPU[1].L2[14], read-miss, 16.000000000000
1233, GPU[1].L2[14], read-mshr-hit, 0.000000000000
1234, GPU[1].L2[14], write-hit, 0.000000000000
1235, GPU[1].L2[14], write-miss, 16.000000000000
1236, GPU[1].L2[14], write-mshr-hit, 0.000000000000
1237, GPU[1].L2[15], read-hit, 7.000000000000
1238, GPU[1].L2[15], read-miss, 16.000000000000
1239, GPU[1].L2[15], read-mshr-hit, 0.000000000000
1240, GPU[1].L2[15], write-hit, 0.000000000000
1241, GPU[1].L2[15], write-miss, 16.000000000000
1242, GPU[1].L2[15], write-mshr-hit, 0.000000000000
1243, GPU[1].SA[0].L1VTLB[0], hit, 311.000000000000
1244, GPU[1].SA[0].L1VTLB[0], miss, 3.000000000000
1245, GPU[1].SA[0].L1VTLB[0], mshr-hit, 18.000000000000
1246, GPU[1].SA[0].L1VTLB[1], hit, 300.000000000000
1247, GPU[1].SA[0].L1VTLB[1], miss, 2.000000000000
1248, GPU[1].SA[0].L1VTLB[1], mshr-hit, 30.000000000000
1249, GPU[1].SA[0].L1VTLB[2], hit, 300.000000000000
1250, GPU[1].SA[0].L1VTLB[2], miss, 2.000000000000
1251, GPU[1].SA[0].L1VTLB[2], mshr-hit, 30.000000000000
1252, GPU[1].SA[0].L1VTLB[3], hit, 300.000000000000
1253, GPU[1].SA[0].L1VTLB[3], miss, 2.000000000000
1254, GPU[1].SA[0].L1VTLB[3], mshr-hit, 30.000000000000
1255, GPU[1].SA[1].L1VTLB[0], hit, 299.000000000000
1256, GPU[1].SA[1].L1VTLB[0], miss, 3.000000000000
1257, GPU[1].SA[1].L1VTLB[0], mshr-hit, 30.000000000000
1258, GPU[1].SA[1].L1VTLB[1], hit, 300.000000000000
1259, GPU[1].SA[1].L1VTLB[1], miss, 2.000000000000
1260, GPU[1].SA[1].L1VTLB[1], mshr-hit, 30.000000000000
1261, GPU[1].SA[1].L1VTLB[2], hit, 300.000000000000
1262, GPU[1].SA[1].L1VTLB[2], miss, 2.000000000000
1263, GPU[1].SA[1].L1VTLB[2], mshr-hit, 30.000000000000
1264, GPU[1].SA[1].L1VTLB[3], hit, 300.000000000000
1265, GPU[1].SA[1].L1VTLB[3], miss, 2.000000000000
1266, GPU[1].SA[1].L1VTLB[3], mshr-hit, 30.000000000000
1267, GPU[1].SA[2].L1VTLB[0], hit, 299.000000000000
1268, GPU[1].SA[2].L1VTLB[0], miss, 3.000000000000
1269, GPU[1].SA[2].L1VTLB[0], mshr-hit, 30.000000000000
1270, GPU[1].SA[2].L1VTLB[1], hit, 300.000000000000
1271, GPU[1].SA[2].L1VTLB[1], miss, 2.000000000000
1272, GPU[1].SA[2].L1VTLB[1], mshr-hit, 30.000000000000
1273, GPU[1].SA[2].L1VTLB[2], hit, 300.000000000000
1274, GPU[1].SA[2].L1VTLB[2], miss, 2.000000000000
1275, GPU[1].SA[2].L1VTLB[2], mshr-hit, 30.000000000000
1276, GPU[1].SA[2].L1VTLB[3], hit, 300.000000000000
1277, GPU[1].SA[2].L1VTLB[3], miss, 2.000000000000
1278, GPU[1].SA[2].L1VTLB[3], mshr-hit, 30.000000000000
1279, GPU[1].SA[3].L1VTLB[0], hit, 299.000000000000
1280, GPU[1].SA[3].L1VTLB[0], miss, 3.000000000000
1281, GPU[1].SA[3].L1VTLB[0], mshr-hit, 30.000000000000
1282, GPU[1].SA[3].L1VTLB[1], hit, 300.000000000000
1283, GPU[1].SA[3].L1VTLB[1], miss, 2.000000000000
1284, GPU[1].SA[3].L1VTLB[1], mshr-hit, 30.000000000000
1285, GPU[1].SA[3].L1VTLB[2], hit, 300.000000000000
1286, GPU[1].SA[3].L1VTLB[2], miss, 2.000000000000
1287, GPU[1].SA[3].L1VTLB[2], mshr-hit, 30.000000000000
1288, GPU[1].SA[3].L1VTLB[3], hit, 300.000000000000
1289, GPU[1].SA[3].L1VTLB[3], miss, 2.000000000000
1290, GPU[1].SA[3].L1VTLB[3], mshr-hit, 30.000000000000
1291, GPU[1].SA[0].L1STLB, hit, 240.000000000000
1292, GPU[1].SA[0].L1STLB, miss, 3.000000000000
1293, GPU[1].SA[0].L1STLB, mshr-hit, 77.000000000000
1294, GPU[1].SA[1].L1STLB, hit, 240.000000000000
1295, GPU[1].SA[1].L1STLB, miss, 3.000000000000
1296, GPU[1].SA[1].L1STLB, mshr-hit, 77.000000000000
1297, GPU[1].SA[2].L1STLB, hit, 240.000000000000
1298, GPU[1].SA[2].L1STLB, miss, 3.000000000000
1299, GPU[1].SA[2].L1STLB, mshr-hit, 77.000000000000
1300, GPU[1].SA[3].L1STLB, hit, 240.000000000000
1301, GPU[1].SA[3].L1STLB, miss, 3.000000000000
1302, GPU[1].SA[3].L1STLB, mshr-hit, 77.000000000000
1303, GPU[1].SA[0].L1ITLB, hit, 3.000000000000
1304, GPU[1].SA[0].L1ITLB, miss, 1.000000000000
1305, GPU[1].SA[0].L1ITLB, mshr-hit, 0.000000000000
1306, GPU[1].SA[1].L1ITLB, hit, 3.000000000000
1307, GPU[1].SA[1].L1ITLB, miss, 1.000000000000
1308, GPU[1].SA[1].L1ITLB, mshr-hit, 0.000000000000
1309, GPU[1].SA[2].L1ITLB, hit, 3.000000000000
1310, GPU[1].SA[2].L1ITLB, miss, 1.000000000000
1311, GPU[1].SA[2].L1ITLB, mshr-hit, 0.000000000000
1312, GPU[1].SA[3].L1ITLB, hit, 3.000000000000
1313, GPU[1].SA[3].L1ITLB, miss, 1.000000000000
1314, GPU[1].SA[3].L1ITLB, mshr-hit, 0.000000000000
1315, GPU[1].L2TLB, hit, 3.000000000000
1316, GPU[1].L2TLB, miss, 13.000000000000
1317, GPU[1].L2TLB, mshr-hit, 36.000000000000
1318, GPU[1].RDMA, outgoing_trans_count, 0.000000000000
1319, GPU[1].RDMA, incoming_trans_count, 0.000000000000
1320, GPU[1].DRAM[0], read_trans_count, 20.000000000000
1321, GPU[1].DRAM[0], write_trans_count, 21.000000000000
1322, GPU[1].DRAM[0], read_avg_latency, 0.000000057600
1323, GPU[1].DRAM[0], write_avg_latency, 0.000000055429
1324, GPU[1].DRAM[0], read_size, 1280.000000000000
1325, GPU[1].DRAM[0], write_size, 1344.000000000000
1326, GPU[1].DRAM[1], read_trans_count, 16.000000000000
1327, GPU[1].DRAM[1], write_trans_count, 18.000000000000
1328, GPU[1].DRAM[1], read_avg_latency, 0.000000063500
1329, GPU[1].DRAM[1], write_avg_latency, 0.000000059000
1330, GPU[1].DRAM[1], read_size, 1024.000000000000
1331, GPU[1].DRAM[1], write_size, 1152.000000000000
1332, GPU[1].DRAM[2], read_trans_count, 18.000000000000
1333, GPU[1].DRAM[2], write_trans_count, 18.000000000000
1334, GPU[1].DRAM[2], read_avg_latency, 0.000000060222
1335, GPU[1].DRAM[2], write_avg_latency, 0.000000059000
1336, GPU[1].DRAM[2], read_size, 1152.000000000000
1337, GPU[1].DRAM[2], write_size, 1152.000000000000
1338, GPU[1].DRAM[3], read_trans_count, 18.000000000000
1339, GPU[1].DRAM[3], write_trans_count, 18.000000000000
1340, GPU[1].DRAM[3], read_avg_latency, 0.000000060222
1341, GPU[1].DRAM[3], write_avg_latency, 0.000000059000
1342, GPU[1].DRAM[3], read_size, 1152.000000000000
1343, GPU[1].DRAM[3], write_size, 1124.000000000000
1344, GPU[1].DRAM[4], read_trans_count, 16.000000000000
1345, GPU[1].DRAM[4], write_trans_count, 16.000000000000
1346, GPU[1].DRAM[4], read_avg_latency, 0.000000063500
1347, GPU[1].DRAM[4], write_avg_latency, 0.000000059000
1348, GPU[1].DRAM[4], read_size, 1024.000000000000
1349, GPU[1].DRAM[4], write_size, 1024.000000000000
1350, GPU[1].DRAM[5], read_trans_count, 16.000000000000
1351, GPU[1].DRAM[5], write_trans_count, 16.000000000000
1352, GPU[1].DRAM[5], read_avg_latency, 0.000000063500
1353, GPU[1].DRAM[5], write_avg_latency, 0.000000059000
1354, GPU[1].DRAM[5], read_size, 1024.000000000000
1355, GPU[1].DRAM[5], write_size, 1024.000000000000
1356, GPU[1].DRAM[6], read_trans_count, 16.000000000000
1357, GPU[1].DRAM[6], write_trans_count, 16.000000000000
1358, GPU[1].DRAM[6], read_avg_latency, 0.000000063500
1359, GPU[1].DRAM[6], write_avg_latency, 0.000000059000
1360, GPU[1].DRAM[6], read_size, 1024.000000000000
1361, GPU[1].DRAM[6], write_size, 1024.000000000000
1362, GPU[1].DRAM[7], read_trans_count, 16.000000000000
1363, GPU[1].DRAM[7], write_trans_count, 16.000000000000
1364, GPU[1].DRAM[7], read_avg_latency, 0.000000063500
1365, GPU[1].DRAM[7], write_avg_latency, 0.000000059000
1366, GPU[1].DRAM[7], read_size, 1024.000000000000
1367, GPU[1].DRAM[7], write_size, 1024.000000000000
1368, GPU[1].DRAM[8], read_trans_count, 16.000000000000
1369, GPU[1].DRAM[8], write_trans_count, 16.000000000000
1370, GPU[1].DRAM[8], read_avg_latency, 0.000000063500
1371, GPU[1].DRAM[8], write_avg_latency, 0.000000059000
1372, GPU[1].DRAM[8], read_size, 1024.000000000000
1373, GPU[1].DRAM[8], write_size, 1024.000000000000
1374, GPU[1].DRAM[9], read_trans_count, 16.000000000000
1375, GPU[1].DRAM[9], write_trans_count, 16.000000000000
1376, GPU[1].DRAM[9], read_avg_latency, 0.000000063500
1377, GPU[1].DRAM[9], write_avg_latency, 0.000000059000
1378, GPU[1].DRAM[9], read_size, 1024.000000000000
1379, GPU[1].DRAM[9], write_size, 1024.000000000000
1380, GPU[1].DRAM[10], read_trans_count, 16.000000000000
1381, GPU[1].DRAM[10], write_trans_count, 16.000000000000
1382, GPU[1].DRAM[10], read_avg_latency, 0.000000063500
1383, GPU[1].DRAM[10], write_avg_latency, 0.000000059000
1384, GPU[1].DRAM[10], read_size, 1024.000000000000
1385, GPU[1].DRAM[10], write_size, 1024.000000000000
1386, GPU[1].DRAM[11], read_trans_count, 16.000000000000
1387, GPU[1].DRAM[11], write_trans_count, 16.000000000000
1388, GPU[1].DRAM[11], read_avg_latency, 0.000000063500
1389, GPU[1].DRAM[11], write_avg_latency, 0.000000059000
1390, GPU[1].DRAM[11], read_size, 1024.000000000000
1391, GPU[1].DRAM[11], write_size, 1024.000000000000
1392, GPU[1].DRAM[12], read_trans_count, 16.000000000000
1393, GPU[1].DRAM[12], write_trans_count, 16.000000000000
1394, GPU[1].DRAM[12], read_avg_latency, 0.000000063500
1395, GPU[1].DRAM[12], write_avg_latency, 0.000000059000
1396, GPU[1].DRAM[12], read_size, 1024.000000000000
1397, GPU[1].DRAM[12], write_size, 1024.000000000000
1398, GPU[1].DRAM[13], read_trans_count, 16.000000000000
1399, GPU[1].DRAM[13], write_trans_count, 16.000000000000
1400, GPU[1].DRAM[13], read_avg_latency, 0.000000063500
1401, GPU[1].DRAM[13], write_avg_latency, 0.000000059000
1402, GPU[1].DRAM[13], read_size, 1024.000000000000
1403, GPU[1].DRAM[13], write_size, 1024.000000000000
1404, GPU[1].DRAM[14], read_trans_count, 16.000000000000
1405, GPU[1].DRAM[14], write_trans_count, 16.000000000000
1406, GPU[1].DRAM[14], read_avg_latency, 0.000000063500
1407, GPU[1].DRAM[14], write_avg_latency, 0.000000059000
1408, GPU[1].DRAM[14], read_size, 1024.000000000000
1409, GPU[1].DRAM[14], write_size, 1024.000000000000
1410, GPU[1].DRAM[15], read_trans_count, 16.000000000000
1411, GPU[1].DRAM[15], write_trans_count, 16.000000000000
1412, GPU[1].DRAM[15], read_avg_latency, 0.000000063500
1413, GPU[1].DRAM[15], write_avg_latency, 0.000000059000
1414, GPU[1].DRAM[15], read_size, 1024.000000000000
1415, GPU[1].DRAM[15], write_size, 1024.000000000000
